date,1. open,2. high,3. low,4. close,5. volume
2020-07-08 18:40:00,1506.0,1506.0,1506.0,1506.0,167.0
2020-07-08 17:56:00,1505.98,1505.98,1505.98,1505.98,202.0
2020-07-08 16:55:00,1505.0,1505.0,1505.0,1505.0,201.0
2020-07-08 16:54:00,1505.0,1505.0,1505.0,1505.0,201.0
2020-07-08 16:17:00,1503.6,1503.6,1503.6,1503.6,501.0
2020-07-08 16:10:00,1501.5,1501.5,1501.0,1501.0,433.0
2020-07-08 16:03:00,1503.6,1503.6,1503.6,1503.6,427.0
2020-07-08 16:01:00,1503.6,1503.6,1503.6,1503.6,58864.0
2020-07-08 16:00:00,1502.43,1503.6,1501.89,1503.155,38789.0
2020-07-08 15:59:00,1502.02,1502.63,1501.75,1502.07,23826.0
2020-07-08 15:58:00,1501.75,1503.11,1501.48,1502.49,23524.0
2020-07-08 15:57:00,1502.42,1503.39,1501.77,1501.94,19932.0
2020-07-08 15:56:00,1503.25,1503.78,1501.86,1502.43,21512.0
2020-07-08 15:55:00,1502.22,1503.77,1501.55,1503.77,24016.0
2020-07-08 15:54:00,1498.89,1502.29,1498.89,1501.28,14377.0
2020-07-08 15:53:00,1498.73,1499.75,1498.15,1498.65,12451.0
2020-07-08 15:52:00,1497.94,1499.37,1497.94,1499.12,7943.0
2020-07-08 15:51:00,1498.43,1499.8,1497.48,1497.825,10023.0
2020-07-08 15:50:00,1499.415,1499.415,1498.23,1498.35,5302.0
2020-07-08 15:49:00,1499.585,1500.3199,1499.06,1499.41,7962.0
2020-07-08 15:48:00,1499.705,1499.7425,1499.11,1499.43,1837.0
2020-07-08 15:47:00,1499.11,1499.955,1499.08,1499.52,6644.0
2020-07-08 15:46:00,1499.025,1499.405,1498.855,1499.24,3240.0
2020-07-08 15:45:00,1499.5,1499.79,1498.44,1499.0,5204.0
2020-07-08 15:44:00,1499.03,1499.49,1498.23,1499.43,7238.0
2020-07-08 15:43:00,1499.345,1499.77,1499.25,1499.28,3064.0
2020-07-08 15:42:00,1498.7426,1499.62,1498.52,1499.62,1677.0
2020-07-08 15:41:00,1498.37,1499.14,1498.37,1498.6825,3092.0
2020-07-08 15:40:00,1498.18,1498.2,1497.78,1497.815,1988.0
2020-07-08 15:39:00,1500.35,1500.46,1498.84,1498.84,5643.0
2020-07-08 15:38:00,1500.64,1501.72,1500.1925,1500.1925,3375.0
2020-07-08 15:37:00,1500.04,1500.48,1499.75,1500.38,5657.0
2020-07-08 15:36:00,1501.42,1501.725,1500.38,1500.38,5399.0
2020-07-08 15:35:00,1500.69,1501.71,1500.42,1501.425,4417.0
2020-07-08 15:34:00,1501.2,1501.21,1500.73,1500.97,2417.0
2020-07-08 15:33:00,1500.56,1501.6899,1500.56,1501.19,2457.0
2020-07-08 15:32:00,1500.65,1500.855,1500.12,1500.56,3145.0
2020-07-08 15:31:00,1499.46,1500.9125,1499.46,1500.9,6898.0
2020-07-08 15:30:00,1499.205,1499.21,1498.735,1498.92,1442.0
2020-07-08 15:29:00,1499.5,1499.55,1498.95,1499.035,1958.0
2020-07-08 15:28:00,1499.69,1500.07,1498.84,1499.33,3006.0
2020-07-08 15:27:00,1501.31,1501.39,1499.89,1499.91,6847.0
2020-07-08 15:26:00,1501.74,1501.75,1501.205,1501.68,3467.0
2020-07-08 15:25:00,1501.03,1502.1,1501.03,1501.72,5258.0
2020-07-08 15:24:00,1501.75,1502.09,1501.195,1501.37,3173.0
2020-07-08 15:23:00,1502.31,1502.71,1501.11,1501.11,3758.0
2020-07-08 15:22:00,1502.42,1503.0,1502.08,1502.665,2771.0
2020-07-08 15:21:00,1502.68,1502.78,1502.0525,1502.39,3142.0
2020-07-08 15:20:00,1503.08,1503.1,1502.5294,1502.6859,3032.0
2020-07-08 15:19:00,1503.66,1503.66,1503.07,1503.305,3142.0
2020-07-08 15:18:00,1504.64,1504.64,1503.65,1503.65,3254.0
2020-07-08 15:17:00,1505.46,1505.46,1504.57,1505.1826,1105.0
2020-07-08 15:16:00,1505.7,1505.73,1505.4258,1505.73,1037.0
2020-07-08 15:15:00,1505.545,1505.995,1505.545,1505.995,1546.0
2020-07-08 15:14:00,1504.335,1505.09,1504.335,1505.08,2147.0
2020-07-08 15:13:00,1504.7,1504.84,1504.03,1504.14,2068.0
2020-07-08 15:12:00,1504.65,1505.03,1504.56,1504.59,2407.0
2020-07-08 15:11:00,1504.28,1504.79,1503.79,1504.28,3662.0
2020-07-08 15:10:00,1504.205,1504.205,1503.6663,1503.82,3191.0
2020-07-08 15:09:00,1503.06,1504.5,1503.06,1504.1983,1884.0
2020-07-08 15:08:00,1504.1,1504.1,1503.23,1503.26,2101.0
2020-07-08 15:07:00,1504.46,1505.0,1503.635,1504.6,5458.0
2020-07-08 15:06:00,1502.24,1504.26,1502.08,1504.08,3912.0
2020-07-08 15:05:00,1501.8703,1502.09,1501.56,1501.94,2309.0
2020-07-08 15:04:00,1501.8582,1502.03,1501.65,1501.65,3365.0
2020-07-08 15:03:00,1501.72,1502.14,1501.5157,1501.5157,1774.0
2020-07-08 15:02:00,1502.75,1502.91,1502.07,1502.07,2917.0
2020-07-08 15:01:00,1501.26,1503.2,1500.98,1503.095,5647.0
2020-07-08 15:00:00,1500.0,1501.11,1499.91,1500.72,3466.0
2020-07-08 14:59:00,1498.64,1499.74,1498.64,1499.37,4136.0
2020-07-08 14:58:00,1498.3033,1498.5,1498.3033,1498.38,476.0
2020-07-08 14:57:00,1497.01,1498.33,1497.01,1498.33,2055.0
2020-07-08 14:56:00,1496.06,1497.34,1496.06,1497.03,2071.0
2020-07-08 14:55:00,1497.83,1497.83,1496.03,1496.03,1503.0
2020-07-08 14:54:00,1497.77,1498.01,1497.77,1498.0,1934.0
2020-07-08 14:53:00,1498.14,1498.48,1498.06,1498.06,1040.0
2020-07-08 14:52:00,1498.38,1498.97,1498.21,1498.21,2205.0
2020-07-08 14:51:00,1498.04,1498.645,1497.58,1498.46,4271.0
2020-07-08 14:50:00,1497.84,1497.85,1496.9777,1497.3542,4305.0
2020-07-08 14:49:00,1498.35,1498.35,1497.56,1497.56,1388.0
2020-07-08 14:48:00,1497.89,1498.37,1497.68,1498.14,4441.0
2020-07-08 14:47:00,1497.68,1497.8,1497.68,1497.8,582.0
2020-07-08 14:46:00,1497.17,1497.21,1497.03,1497.21,1135.0
2020-07-08 14:45:00,1497.0,1497.35,1496.79,1496.79,1983.0
2020-07-08 14:44:00,1496.75,1496.75,1496.74,1496.74,478.0
2020-07-08 14:43:00,1497.26,1497.31,1497.0727,1497.31,1453.0
2020-07-08 14:42:00,1496.52,1496.52,1496.52,1496.52,647.0
2020-07-08 14:41:00,1499.2,1499.2,1497.02,1497.34,4176.0
2020-07-08 14:40:00,1498.98,1499.03,1498.7,1499.03,2321.0
2020-07-08 14:39:00,1498.76,1499.1,1498.67,1498.725,1927.0
2020-07-08 14:38:00,1498.93,1498.93,1498.805,1498.805,623.0
2020-07-08 14:37:00,1498.34,1499.03,1498.34,1498.635,1507.0
2020-07-08 14:36:00,1498.14,1498.375,1497.73,1498.3,3032.0
2020-07-08 14:35:00,1498.43,1499.11,1498.31,1498.31,3224.0
2020-07-08 14:34:00,1498.335,1498.49,1498.0001,1498.49,1400.0
2020-07-08 14:33:00,1498.93,1499.12,1498.73,1498.73,2869.0
2020-07-08 14:32:00,1498.92,1498.92,1498.27,1498.37,2364.0
2020-07-08 14:31:00,1498.85,1498.85,1498.24,1498.53,1187.0
2020-07-08 14:30:00,1498.07,1498.07,1498.07,1498.07,688.0
2020-07-08 14:29:00,1498.54,1499.03,1497.66,1497.81,2438.0
2020-07-08 14:28:00,1498.885,1499.28,1498.51,1498.51,2355.0
2020-07-08 14:27:00,1498.84,1499.02,1498.84,1498.97,1712.0
2020-07-08 14:26:00,1499.09,1499.7,1498.84,1498.85,2722.0
2020-07-08 14:25:00,1499.32,1499.9599,1498.56,1498.725,2253.0
2020-07-08 14:24:00,1498.115,1499.54,1498.115,1499.54,2300.0
2020-07-08 14:23:00,1496.51,1496.84,1496.0,1496.84,1792.0
2020-07-08 14:22:00,1496.39,1496.91,1496.39,1496.79,1454.0
2020-07-08 14:21:00,1496.82,1496.93,1496.58,1496.58,1604.0
2020-07-08 14:20:00,1496.92,1497.13,1496.62,1496.65,2492.0
2020-07-08 14:19:00,1498.03,1498.03,1496.97,1497.58,2522.0
2020-07-08 14:18:00,1497.67,1498.42,1497.67,1498.42,1916.0
2020-07-08 14:17:00,1497.7,1497.72,1497.68,1497.71,1229.0
2020-07-08 14:16:00,1498.47,1498.97,1495.0,1498.24,20503.0
2020-07-08 14:15:00,1498.66,1498.66,1498.66,1498.66,845.0
2020-07-08 14:14:00,1499.31,1499.425,1499.07,1499.41,1533.0
2020-07-08 14:13:00,1499.54,1499.54,1499.23,1499.42,1311.0
2020-07-08 14:12:00,1497.86,1499.4,1497.86,1499.4,829.0
2020-07-08 14:11:00,1497.06,1497.91,1497.06,1497.91,1135.0
2020-07-08 14:10:00,1497.86,1497.86,1497.42,1497.42,594.0
2020-07-08 14:09:00,1496.47,1496.68,1496.0,1496.52,1606.0
2020-07-08 14:08:00,1497.365,1497.365,1497.365,1497.365,694.0
2020-07-08 14:07:00,1496.1,1496.1,1496.1,1496.1,688.0
2020-07-08 14:06:00,1496.63,1496.63,1496.0,1496.0,990.0
2020-07-08 14:05:00,1498.57,1498.83,1496.37,1496.37,2238.0
2020-07-08 14:04:00,1500.26,1500.28,1498.56,1498.84,3822.0
2020-07-08 14:03:00,1499.435,1500.71,1499.435,1500.7,5113.0
2020-07-08 14:02:00,1498.75,1499.47,1498.75,1499.4025,1438.0
2020-07-08 14:01:00,1498.0,1498.32,1497.27,1498.28,3084.0
2020-07-08 14:00:00,1499.48,1499.48,1498.08,1498.595,1239.0
2020-07-08 13:59:00,1500.11,1500.26,1499.89,1499.89,2112.0
2020-07-08 13:58:00,1500.155,1500.155,1499.78,1499.78,725.0
2020-07-08 13:57:00,1498.7505,1499.32,1498.7505,1499.32,1035.0
2020-07-08 13:56:00,1498.79,1498.79,1498.26,1498.35,2563.0
2020-07-08 13:55:00,1500.68,1500.885,1499.8,1499.8,1986.0
2020-07-08 13:54:00,1502.5293,1502.5293,1501.49,1501.49,1436.0
2020-07-08 13:53:00,1501.0,1501.5,1501.0,1501.5,708.0
2020-07-08 13:52:00,1501.795,1501.795,1501.09,1501.14,2292.0
2020-07-08 13:51:00,1501.59,1501.59,1501.59,1501.59,396.0
2020-07-08 13:50:00,1502.96,1502.96,1501.97,1501.97,1366.0
2020-07-08 13:49:00,1500.986,1502.26,1500.986,1502.26,2310.0
2020-07-08 13:48:00,1500.82,1500.85,1500.61,1500.61,2101.0
2020-07-08 13:47:00,1501.09,1501.4,1501.0,1501.11,1535.0
2020-07-08 13:46:00,1501.6238,1501.6238,1501.0,1501.175,2243.0
2020-07-08 13:45:00,1502.49,1502.49,1502.0,1502.0,1222.0
2020-07-08 13:44:00,1502.8,1502.8,1502.305,1502.305,2230.0
2020-07-08 13:43:00,1502.79,1502.9881,1502.79,1502.9881,833.0
2020-07-08 13:42:00,1502.28,1502.74,1502.25,1502.74,1791.0
2020-07-08 13:41:00,1502.67,1502.67,1501.82,1501.82,1169.0
2020-07-08 13:40:00,1503.385,1503.55,1503.26,1503.26,532.0
2020-07-08 13:39:00,1503.2,1503.55,1503.03,1503.55,2236.0
2020-07-08 13:38:00,1503.96,1504.39,1503.39,1503.47,2313.0
2020-07-08 13:37:00,1503.91,1503.97,1503.74,1503.97,1206.0
2020-07-08 13:36:00,1503.62,1503.96,1503.62,1503.96,1802.0
2020-07-08 13:35:00,1503.3,1504.4,1503.3,1503.96,1927.0
2020-07-08 13:34:00,1504.33,1504.33,1503.95,1503.95,543.0
2020-07-08 13:33:00,1503.32,1503.32,1503.32,1503.32,398.0
2020-07-08 13:32:00,1504.265,1504.265,1503.4,1503.4,1543.0
2020-07-08 13:31:00,1502.355,1503.88,1502.355,1503.88,2901.0
2020-07-08 13:30:00,1502.06,1502.06,1502.06,1502.06,655.0
2020-07-08 13:29:00,1501.495,1502.5625,1501.495,1502.56,748.0
2020-07-08 13:28:00,1500.93,1501.525,1500.87,1501.525,1466.0
2020-07-08 13:27:00,1502.2,1502.2,1500.02,1500.02,3213.0
2020-07-08 13:26:00,1502.3208,1502.3208,1501.98,1501.98,1967.0
2020-07-08 13:25:00,1503.11,1503.35,1502.47,1502.505,2707.0
2020-07-08 13:24:00,1504.35,1504.35,1502.86,1502.86,2045.0
2020-07-08 13:23:00,1505.21,1505.365,1505.21,1505.365,881.0
2020-07-08 13:22:00,1505.92,1505.92,1504.29,1504.67,1957.0
2020-07-08 13:21:00,1506.38,1506.78,1506.38,1506.78,1366.0
2020-07-08 13:20:00,1507.055,1507.055,1506.5,1506.5,877.0
2020-07-08 13:19:00,1507.93,1507.93,1506.9801,1507.4175,2087.0
2020-07-08 13:18:00,1507.21,1508.25,1506.99,1508.25,1692.0
2020-07-08 13:17:00,1507.2975,1507.5,1506.99,1507.015,2565.0
2020-07-08 13:16:00,1507.86,1507.87,1507.308,1507.71,2537.0
2020-07-08 13:15:00,1507.85,1508.31,1507.85,1508.31,1282.0
2020-07-08 13:14:00,1507.25,1507.72,1507.25,1507.52,1539.0
2020-07-08 13:13:00,1507.455,1507.455,1506.79,1507.425,672.0
2020-07-08 13:12:00,1506.97,1507.55,1506.97,1507.55,1837.0
2020-07-08 13:11:00,1508.205,1508.205,1507.115,1507.115,1663.0
2020-07-08 13:10:00,1506.89,1508.0,1506.89,1508.0,2328.0
2020-07-08 13:09:00,1507.6,1507.6,1506.7,1506.7,2089.0
2020-07-08 13:08:00,1507.33,1507.33,1506.75,1506.83,2209.0
2020-07-08 13:07:00,1508.03,1508.03,1507.455,1507.455,2546.0
2020-07-08 13:06:00,1507.795,1508.005,1507.58,1507.78,1462.0
2020-07-08 13:05:00,1508.465,1508.465,1507.65,1508.01,1144.0
2020-07-08 13:04:00,1507.62,1508.345,1507.58,1508.08,3226.0
2020-07-08 13:03:00,1508.06,1508.515,1507.58,1507.61,4507.0
2020-07-08 13:02:00,1507.6,1508.1,1507.43,1507.97,2613.0
2020-07-08 13:01:00,1508.89,1508.9075,1507.52,1507.98,3161.0
2020-07-08 13:00:00,1508.17,1509.1446,1508.07,1508.37,3629.0
2020-07-08 12:59:00,1505.81,1508.0829,1505.81,1508.0829,4691.0
2020-07-08 12:58:00,1505.48,1506.02,1505.14,1506.02,1832.0
2020-07-08 12:57:00,1503.35,1504.99,1503.35,1504.99,2926.0
2020-07-08 12:56:00,1502.15,1503.575,1502.15,1503.575,1422.0
2020-07-08 12:55:00,1501.925,1502.09,1501.485,1502.09,1003.0
2020-07-08 12:54:00,1501.5258,1502.09,1501.52,1502.09,1395.0
2020-07-08 12:52:00,1501.89,1501.89,1501.785,1501.785,653.0
2020-07-08 12:51:00,1501.66,1502.87,1501.66,1502.45,1534.0
2020-07-08 12:50:00,1501.82,1501.95,1501.36,1501.54,2665.0
2020-07-08 12:49:00,1501.99,1501.99,1501.99,1501.99,312.0
2020-07-08 12:48:00,1502.2,1502.2,1502.2,1502.2,297.0
2020-07-08 12:47:00,1501.87,1502.05,1501.87,1502.05,811.0
2020-07-08 12:46:00,1501.22,1501.5725,1501.08,1501.27,1058.0
2020-07-08 12:45:00,1501.51,1501.51,1500.73,1501.46,2068.0
2020-07-08 12:44:00,1502.22,1502.22,1501.66,1501.66,1391.0
2020-07-08 12:43:00,1503.8575,1503.8575,1502.215,1502.215,1234.0
2020-07-08 12:42:00,1504.97,1505.03,1503.62,1503.62,3017.0
2020-07-08 12:41:00,1504.265,1505.01,1504.265,1504.995,2522.0
2020-07-08 12:40:00,1503.995,1504.51,1503.995,1504.51,1415.0
2020-07-08 12:39:00,1503.65,1504.09,1503.25,1504.09,2263.0
2020-07-08 12:38:00,1503.275,1503.46,1503.275,1503.41,740.0
2020-07-08 12:37:00,1502.79,1503.05,1502.62,1503.05,985.0
2020-07-08 12:36:00,1503.065,1503.1,1503.065,1503.1,376.0
2020-07-08 12:35:00,1503.7996,1503.7996,1502.83,1502.83,1583.0
2020-07-08 12:34:00,1504.5,1504.5,1503.78,1503.78,1224.0
2020-07-08 12:33:00,1504.17,1504.51,1504.17,1504.445,1503.0
2020-07-08 12:32:00,1504.255,1504.7,1503.76,1503.89,3208.0
2020-07-08 12:31:00,1503.87,1503.87,1503.87,1503.87,240.0
2020-07-08 12:30:00,1504.0,1504.36,1503.87,1504.13,1979.0
2020-07-08 12:29:00,1504.56,1504.56,1503.525,1503.525,1772.0
2020-07-08 12:28:00,1503.88,1503.97,1503.675,1503.675,1866.0
2020-07-08 12:27:00,1504.59,1504.59,1504.06,1504.305,1439.0
2020-07-08 12:26:00,1504.0,1504.095,1504.0,1504.0225,875.0
2020-07-08 12:25:00,1503.5,1503.63,1503.5,1503.63,1249.0
2020-07-08 12:24:00,1503.25,1503.25,1502.945,1502.945,1612.0
2020-07-08 12:23:00,1503.32,1503.76,1502.96,1502.96,3649.0
2020-07-08 12:22:00,1503.07,1503.57,1503.07,1503.34,1029.0
2020-07-08 12:21:00,1502.4725,1503.59,1502.4725,1503.59,2164.0
2020-07-08 12:20:00,1502.01,1502.5,1500.9701,1502.5,1936.0
2020-07-08 12:19:00,1501.56,1502.0,1501.18,1502.0,1897.0
2020-07-08 12:18:00,1500.1485,1501.37,1500.1485,1501.37,1548.0
2020-07-08 12:17:00,1499.19,1499.795,1498.11,1499.795,3389.0
2020-07-08 12:16:00,1499.99,1500.18,1499.29,1499.29,2547.0
2020-07-08 12:15:00,1500.59,1500.59,1500.45,1500.45,373.0
2020-07-08 12:14:00,1500.86,1500.87,1500.4114,1500.4114,1420.0
2020-07-08 12:13:00,1501.34,1501.5525,1500.36,1500.58,3463.0
2020-07-08 12:12:00,1500.81,1500.955,1500.45,1500.762,2012.0
2020-07-08 12:11:00,1500.1308,1501.02,1500.1308,1500.88,1169.0
2020-07-08 12:10:00,1499.995,1500.56,1499.9,1500.27,1290.0
2020-07-08 12:09:00,1499.82,1500.13,1499.82,1499.82,1539.0
2020-07-08 12:08:00,1500.76,1500.87,1500.07,1500.64,2918.0
2020-07-08 12:07:00,1500.04,1500.49,1500.04,1500.395,2044.0
2020-07-08 12:06:00,1501.1,1501.1,1499.53,1499.68,2107.0
2020-07-08 12:05:00,1500.41,1501.15,1500.22,1500.75,2262.0
2020-07-08 12:04:00,1501.11,1501.11,1500.18,1500.38,1798.0
2020-07-08 12:03:00,1501.0,1502.0903,1500.8101,1500.8101,2536.0
2020-07-08 12:02:00,1499.695,1499.695,1499.695,1499.695,530.0
2020-07-08 12:01:00,1501.42,1502.08,1500.97,1501.0,5200.0
2020-07-08 12:00:00,1500.95,1500.95,1500.95,1500.95,710.0
2020-07-08 11:59:00,1500.96,1501.435,1500.72,1500.72,1330.0
2020-07-08 11:58:00,1501.31,1501.535,1501.17,1501.17,1270.0
2020-07-08 11:57:00,1500.51,1502.015,1500.51,1501.45,3034.0
2020-07-08 11:56:00,1500.53,1501.45,1500.33,1500.33,3720.0
2020-07-08 11:55:00,1500.68,1501.61,1500.68,1501.3,1197.0
2020-07-08 11:54:00,1498.63,1500.17,1498.63,1500.09,1167.0
2020-07-08 11:53:00,1499.1,1499.18,1498.72,1498.72,1242.0
2020-07-08 11:52:00,1498.73,1498.92,1498.73,1498.92,721.0
2020-07-08 11:51:00,1499.075,1499.4,1498.91,1498.92,2233.0
2020-07-08 11:50:00,1498.53,1498.535,1498.51,1498.535,648.0
2020-07-08 11:49:00,1499.18,1499.55,1498.78,1499.23,1591.0
2020-07-08 11:48:00,1499.585,1499.9,1498.82,1499.18,3084.0
2020-07-08 11:47:00,1499.67,1499.82,1499.51,1499.635,2500.0
2020-07-08 11:46:00,1499.505,1500.52,1499.29,1500.02,3624.0
2020-07-08 11:45:00,1498.565,1499.49,1498.565,1499.2,4813.0
2020-07-08 11:44:00,1498.31,1498.96,1498.18,1498.6,2066.0
2020-07-08 11:43:00,1498.18,1498.86,1498.18,1498.86,2682.0
2020-07-08 11:42:00,1497.29,1498.11,1497.29,1497.86,1063.0
2020-07-08 11:41:00,1498.18,1498.18,1497.13,1497.13,2296.0
2020-07-08 11:40:00,1497.925,1498.18,1497.67,1498.1,2672.0
2020-07-08 11:39:00,1497.22,1498.18,1497.22,1497.36,1655.0
2020-07-08 11:38:00,1496.74,1496.74,1496.225,1496.225,663.0
2020-07-08 11:37:00,1497.0,1497.0,1496.8,1496.8,784.0
2020-07-08 11:36:00,1496.99,1497.1,1496.67,1496.67,1318.0
2020-07-08 11:35:00,1497.02,1497.15,1496.885,1497.15,1620.0
2020-07-08 11:34:00,1497.5,1497.59,1497.05,1497.59,2513.0
2020-07-08 11:33:00,1497.43,1497.84,1496.63,1497.55,3024.0
2020-07-08 11:32:00,1497.67,1498.19,1497.575,1497.8396,1582.0
2020-07-08 11:31:00,1497.34,1498.12,1496.62,1497.46,3813.0
2020-07-08 11:30:00,1495.16,1497.13,1495.16,1496.5501,1870.0
2020-07-08 11:29:00,1494.87,1495.3,1494.87,1495.3,1590.0
2020-07-08 11:28:00,1493.705,1493.705,1492.8835,1493.6,1385.0
2020-07-08 11:27:00,1492.69,1493.61,1492.31,1493.61,3249.0
2020-07-08 11:26:00,1494.23,1494.52,1492.72,1492.98,4303.0
2020-07-08 11:25:00,1492.98,1494.74,1492.98,1494.74,3596.0
2020-07-08 11:24:00,1493.53,1493.53,1492.3,1492.3,2359.0
2020-07-08 11:23:00,1494.96,1495.67,1493.27,1493.67,7369.0
2020-07-08 11:22:00,1495.0,1495.63,1494.74,1494.74,5217.0
2020-07-08 11:21:00,1497.39,1498.1,1495.12,1495.12,5246.0
2020-07-08 11:20:00,1498.56,1498.62,1496.52,1497.0085,9767.0
2020-07-08 11:19:00,1500.745,1500.745,1498.28,1498.665,4359.0
2020-07-08 11:18:00,1500.71,1500.89,1500.3733,1500.7475,1816.0
2020-07-08 11:17:00,1500.2009,1501.695,1499.56,1500.7,8266.0
2020-07-08 11:16:00,1501.81,1501.81,1499.8,1500.81,5335.0
2020-07-08 11:15:00,1501.6975,1502.8099,1501.485,1502.6,3641.0
2020-07-08 11:14:00,1503.21,1503.74,1502.16,1502.16,4662.0
2020-07-08 11:13:00,1501.8643,1502.27,1501.15,1502.27,5493.0
2020-07-08 11:12:00,1501.63,1501.98,1501.57,1501.8799,1159.0
2020-07-08 11:11:00,1500.88,1501.04,1500.535,1500.995,1558.0
2020-07-08 11:10:00,1499.24,1500.84,1499.24,1500.7002,3427.0
2020-07-08 11:09:00,1500.45,1500.45,1498.55,1498.98,7986.0
2020-07-08 11:08:00,1502.12,1502.12,1500.68,1500.765,2853.0
2020-07-08 11:07:00,1503.335,1504.0814,1503.205,1503.305,2155.0
2020-07-08 11:06:00,1503.255,1503.7308,1502.9148,1503.67,1641.0
2020-07-08 11:05:00,1503.62,1503.62,1502.39,1502.495,1599.0
2020-07-08 11:04:00,1504.555,1504.68,1504.46,1504.46,2742.0
2020-07-08 11:03:00,1506.7579,1507.05,1504.31,1504.31,2175.0
2020-07-08 11:02:00,1508.97,1509.28,1506.72,1506.72,4039.0
2020-07-08 11:01:00,1509.19,1509.5,1508.03,1508.55,3699.0
2020-07-08 11:00:00,1508.98,1510.2257,1508.98,1509.84,9122.0
2020-07-08 10:59:00,1508.69,1509.375,1508.64,1509.375,4404.0
2020-07-08 10:58:00,1507.64,1508.76,1507.64,1508.76,2131.0
2020-07-08 10:57:00,1507.63,1508.16,1507.63,1507.7,3987.0
2020-07-08 10:56:00,1507.4,1507.81,1507.22,1507.22,999.0
2020-07-08 10:55:00,1507.25,1507.91,1507.25,1507.91,2124.0
2020-07-08 10:54:00,1507.505,1507.98,1507.0901,1507.39,3203.0
2020-07-08 10:53:00,1506.575,1507.06,1506.4,1507.06,1524.0
2020-07-08 10:52:00,1506.555,1507.0,1506.52,1506.61,2081.0
2020-07-08 10:51:00,1505.98,1506.526,1505.73,1506.526,1409.0
2020-07-08 10:50:00,1504.837,1505.6,1504.305,1505.6,3158.0
2020-07-08 10:49:00,1503.31,1503.31,1502.8,1502.9,946.0
2020-07-08 10:48:00,1503.86,1503.86,1503.31,1503.31,1953.0
2020-07-08 10:47:00,1504.77,1504.77,1503.6,1503.87,1977.0
2020-07-08 10:46:00,1505.5,1505.56,1504.2999,1504.93,4706.0
2020-07-08 10:45:00,1506.04,1506.445,1505.63,1506.12,2322.0
2020-07-08 10:44:00,1506.8,1506.8,1506.59,1506.59,696.0
2020-07-08 10:43:00,1507.655,1507.68,1506.98,1507.48,2316.0
2020-07-08 10:42:00,1507.07,1507.52,1506.49,1507.165,3100.0
2020-07-08 10:41:00,1506.25,1506.45,1505.68,1506.1002,2284.0
2020-07-08 10:40:00,1507.1,1507.1,1506.605,1506.605,1033.0
2020-07-08 10:39:00,1505.7624,1506.41,1505.61,1506.41,3838.0
2020-07-08 10:38:00,1505.62,1505.85,1505.23,1505.85,1381.0
2020-07-08 10:37:00,1505.97,1505.97,1505.44,1505.57,1418.0
2020-07-08 10:36:00,1505.56,1505.6275,1504.61,1505.6275,2203.0
2020-07-08 10:35:00,1504.58,1505.36,1504.53,1505.05,1933.0
2020-07-08 10:34:00,1504.2824,1504.97,1504.2824,1504.97,1161.0
2020-07-08 10:33:00,1503.6,1504.21,1503.59,1504.2,2185.0
2020-07-08 10:32:00,1503.34,1504.0075,1503.34,1504.0075,1510.0
2020-07-08 10:31:00,1501.0,1503.475,1501.0,1503.475,2219.0
2020-07-08 10:30:00,1503.07,1503.07,1502.04,1502.32,4052.0
2020-07-08 10:29:00,1504.19,1504.19,1502.66,1503.42,4549.0
2020-07-08 10:28:00,1504.0653,1504.1399,1503.32,1503.735,4765.0
2020-07-08 10:27:00,1505.265,1505.265,1504.02,1504.61,4692.0
2020-07-08 10:26:00,1504.69,1506.0,1504.69,1505.255,3441.0
2020-07-08 10:25:00,1505.43,1505.8958,1505.21,1505.21,1669.0
2020-07-08 10:24:00,1505.02,1505.42,1505.0,1505.42,795.0
2020-07-08 10:23:00,1505.205,1505.205,1503.77,1504.92,2210.0
2020-07-08 10:22:00,1505.215,1505.505,1505.05,1505.06,1551.0
2020-07-08 10:21:00,1505.51,1505.99,1505.25,1505.675,2790.0
2020-07-08 10:20:00,1505.1,1505.77,1504.75,1505.44,2574.0
2020-07-08 10:19:00,1506.23,1506.315,1505.11,1505.52,3722.0
2020-07-08 10:18:00,1506.24,1506.31,1505.49,1505.99,2640.0
2020-07-08 10:17:00,1506.58,1506.755,1505.83,1505.9,2272.0
2020-07-08 10:16:00,1505.92,1507.165,1505.07,1507.0,3544.0
2020-07-08 10:15:00,1505.5375,1507.6248,1505.02,1506.625,2835.0
2020-07-08 10:14:00,1504.24,1505.575,1504.24,1505.575,2720.0
2020-07-08 10:13:00,1503.05,1503.05,1502.845,1502.845,1009.0
2020-07-08 10:12:00,1502.85,1502.91,1501.8503,1502.25,3626.0
2020-07-08 10:11:00,1503.18,1503.28,1502.045,1503.28,3753.0
2020-07-08 10:10:00,1503.4975,1503.785,1502.7,1503.04,4403.0
2020-07-08 10:09:00,1502.99,1502.99,1501.98,1502.94,3845.0
2020-07-08 10:08:00,1503.59,1503.59,1502.73,1503.22,4276.0
2020-07-08 10:07:00,1503.78,1504.95,1503.78,1503.85,4131.0
2020-07-08 10:06:00,1504.9,1505.65,1504.42,1504.42,2433.0
2020-07-08 10:05:00,1504.3,1505.25,1504.3,1505.25,1504.0
2020-07-08 10:04:00,1505.67,1505.67,1504.0,1504.0,2520.0
2020-07-08 10:03:00,1505.65,1506.18,1505.2384,1506.07,2781.0
2020-07-08 10:02:00,1506.34,1506.34,1505.6201,1505.6201,3008.0
2020-07-08 10:01:00,1508.13,1508.25,1507.43,1507.43,2861.0
2020-07-08 10:00:00,1507.72,1508.07,1507.15,1507.6701,4215.0
2020-07-08 09:59:00,1507.24,1508.01,1507.24,1508.0,3571.0
2020-07-08 09:58:00,1507.85,1508.2,1507.611,1507.94,1382.0
2020-07-08 09:57:00,1507.1275,1507.82,1507.1275,1507.82,2967.0
2020-07-08 09:56:00,1507.38,1507.38,1506.27,1506.8,5024.0
2020-07-08 09:55:00,1508.0,1508.91,1507.57,1507.87,4679.0
2020-07-08 09:54:00,1509.25,1509.37,1507.92,1508.08,6965.0
2020-07-08 09:53:00,1509.68,1509.68,1508.01,1509.31,6625.0
2020-07-08 09:52:00,1508.985,1509.91,1508.86,1509.91,5307.0
2020-07-08 09:51:00,1510.46,1511.17,1509.21,1509.37,45087.0
2020-07-08 09:50:00,1510.0,1510.955,1509.85,1510.04,5930.0
2020-07-08 09:49:00,1507.46,1510.0,1507.46,1510.0,4595.0
2020-07-08 09:48:00,1507.38,1508.145,1507.06,1507.42,4334.0
2020-07-08 09:47:00,1506.57,1508.1,1506.25,1507.375,3856.0
2020-07-08 09:46:00,1506.99,1508.13,1506.35,1507.01,4571.0
2020-07-08 09:45:00,1506.305,1506.51,1504.92,1505.87,11208.0
2020-07-08 09:44:00,1505.91,1507.68,1505.91,1506.41,4738.0
2020-07-08 09:43:00,1506.66,1507.54,1505.69,1505.69,5266.0
2020-07-08 09:42:00,1506.7,1508.58,1505.63,1507.1,8162.0
2020-07-08 09:41:00,1505.04,1508.9226,1505.0,1508.9226,7922.0
2020-07-08 09:40:00,1503.81,1505.14,1503.222,1505.14,4184.0
2020-07-08 09:39:00,1502.64,1504.3569,1502.47,1503.33,3473.0
2020-07-08 09:38:00,1503.92,1504.71,1502.75,1503.31,8123.0
2020-07-08 09:37:00,1503.23,1504.6835,1503.23,1504.46,5259.0
2020-07-08 09:36:00,1502.48,1503.83,1501.85,1502.95,7013.0
2020-07-08 09:35:00,1501.58,1502.04,1501.38,1502.03,5517.0
2020-07-08 09:34:00,1499.44,1502.22,1499.01,1501.5,7191.0
2020-07-08 09:33:00,1498.33,1501.4999,1498.33,1499.98,4350.0
2020-07-08 09:32:00,1498.9,1499.1972,1497.03,1497.03,3832.0
2020-07-08 09:31:00,1500.8,1500.8,1495.14,1498.25,37429.0
2020-07-08 07:19:00,1496.86,1496.86,1496.86,1496.86,503.0
2020-07-08 07:02:00,1497.6,1497.6,1497.6,1497.6,153.0
2020-07-08 05:20:00,1493.0,1493.0,1493.0,1493.0,124.0
2020-07-08 05:19:00,1493.51,1493.51,1493.51,1493.51,201.0
2020-07-07 17:12:00,1492.25,1492.25,1492.25,1492.25,101.0
2020-07-07 17:07:00,1492.21,1492.21,1492.21,1492.21,219.0
2020-07-07 16:59:00,1494.5,1494.5,1494.24,1494.24,390.0
2020-07-07 16:57:00,1493.4,1493.4,1493.4,1493.4,890.0
2020-07-07 16:18:00,1489.92,1489.92,1489.92,1489.92,248.0
2020-07-07 16:01:00,1489.92,1489.92,1489.92,1489.92,102425.0
2020-07-07 16:00:00,1490.49,1491.67,1489.7,1489.92,43587.0
2020-07-07 15:59:00,1490.78,1491.56,1490.29,1490.635,11604.0
2020-07-07 15:58:00,1491.75,1492.2,1490.93,1490.93,11542.0
2020-07-07 15:57:00,1491.89,1492.43,1491.11,1491.18,15045.0
2020-07-07 15:56:00,1490.92,1493.34,1490.86,1491.65,15172.0
2020-07-07 15:55:00,1492.25,1493.21,1490.0,1490.52,27901.0
2020-07-07 15:54:00,1493.33,1493.51,1492.21,1492.38,8231.0
2020-07-07 15:53:00,1492.79,1493.61,1492.48,1493.61,13043.0
2020-07-07 15:52:00,1492.9,1493.88,1492.47,1492.91,14167.0
2020-07-07 15:51:00,1492.0,1493.72,1491.0,1492.97,11058.0
2020-07-07 15:50:00,1493.87,1494.2,1492.22,1493.12,9848.0
2020-07-07 15:49:00,1493.79,1494.03,1493.6125,1493.614,5249.0
2020-07-07 15:48:00,1492.75,1493.545,1492.69,1493.545,2019.0
2020-07-07 15:47:00,1493.06,1493.38,1492.45,1492.79,7121.0
2020-07-07 15:46:00,1492.87,1493.08,1492.5,1492.84,7597.0
2020-07-07 15:45:00,1492.5,1493.25,1492.11,1493.11,5556.0
2020-07-07 15:44:00,1494.65,1494.65,1492.4,1492.4,4932.0
2020-07-07 15:43:00,1496.03,1496.03,1495.6,1495.74,2575.0
2020-07-07 15:42:00,1496.02,1496.59,1495.88,1495.88,3106.0
2020-07-07 15:41:00,1495.84,1496.18,1495.8,1495.8,1632.0
2020-07-07 15:40:00,1495.23,1495.91,1494.76,1495.75,5615.0
2020-07-07 15:39:00,1495.33,1495.66,1494.87,1494.87,2299.0
2020-07-07 15:37:00,1496.98,1497.2199,1496.02,1496.02,3428.0
2020-07-07 15:36:00,1496.57,1496.61,1496.1,1496.61,4612.0
2020-07-07 15:35:00,1496.39,1496.57,1495.83,1496.57,4585.0
2020-07-07 15:34:00,1496.11,1496.71,1496.11,1496.71,3462.0
2020-07-07 15:33:00,1494.12,1496.32,1493.73,1496.32,7542.0
2020-07-07 15:32:00,1495.78,1495.78,1494.39,1494.39,3137.0
2020-07-07 15:31:00,1495.38,1496.27,1495.38,1495.54,3124.0
2020-07-07 15:30:00,1496.07,1496.07,1494.77,1494.77,2104.0
2020-07-07 15:29:00,1495.15,1495.22,1495.12,1495.22,1683.0
2020-07-07 15:28:00,1494.95,1496.02,1494.65,1495.28,4988.0
2020-07-07 15:27:00,1496.07,1496.09,1495.0,1495.0,1580.0
2020-07-07 15:26:00,1496.74,1497.14,1496.64,1496.88,1754.0
2020-07-07 15:25:00,1497.3,1497.3,1496.45,1496.57,1614.0
2020-07-07 15:24:00,1495.82,1497.16,1495.82,1496.96,4147.0
2020-07-07 15:23:00,1494.294,1496.44,1494.294,1496.44,2488.0
2020-07-07 15:22:00,1493.77,1494.78,1493.77,1494.37,1925.0
2020-07-07 15:21:00,1494.39,1495.04,1493.9,1493.9,3323.0
2020-07-07 15:20:00,1494.9275,1495.17,1493.52,1494.015,5893.0
2020-07-07 15:19:00,1496.68,1496.68,1494.545,1494.945,3108.0
2020-07-07 15:18:00,1495.65,1497.12,1495.65,1496.495,5176.0
2020-07-07 15:17:00,1494.8028,1496.215,1494.465,1496.085,3821.0
2020-07-07 15:16:00,1492.91,1494.96,1492.73,1494.72,4325.0
2020-07-07 15:15:00,1492.39,1493.39,1492.39,1493.39,3376.0
2020-07-07 15:14:00,1493.07,1493.07,1492.1825,1492.39,5861.0
2020-07-07 15:13:00,1493.8,1493.8,1492.355,1492.42,3433.0
2020-07-07 15:12:00,1494.34,1494.34,1493.885,1493.885,1856.0
2020-07-07 15:11:00,1493.86,1495.09,1493.75,1495.09,3425.0
2020-07-07 15:10:00,1494.36,1494.47,1493.52,1493.52,1810.0
2020-07-07 15:09:00,1495.08,1495.62,1494.13,1494.35,4453.0
2020-07-07 15:08:00,1495.845,1496.13,1494.72,1494.72,1749.0
2020-07-07 15:07:00,1496.94,1496.94,1496.075,1496.59,2247.0
2020-07-07 15:06:00,1495.28,1496.95,1495.28,1496.88,3697.0
2020-07-07 15:05:00,1495.62,1495.62,1494.61,1495.13,4413.0
2020-07-07 15:04:00,1496.0,1496.0,1494.64,1495.2,6165.0
2020-07-07 15:03:00,1496.63,1497.23,1496.63,1496.83,2392.0
2020-07-07 15:02:00,1498.48,1498.48,1496.11,1496.11,4074.0
2020-07-07 15:01:00,1498.5,1498.56,1498.2,1498.56,1217.0
2020-07-07 15:00:00,1497.5,1498.585,1497.5,1498.4,2476.0
2020-07-07 14:59:00,1497.44,1497.44,1497.13,1497.13,1516.0
2020-07-07 14:58:00,1497.305,1497.61,1496.765,1496.88,2280.0
2020-07-07 14:57:00,1496.34,1498.01,1496.34,1497.52,4276.0
2020-07-07 14:56:00,1495.33,1496.34,1495.33,1496.3,4700.0
2020-07-07 14:55:00,1495.72,1495.95,1495.34,1495.34,2339.0
2020-07-07 14:54:00,1496.135,1496.135,1495.5,1495.63,1321.0
2020-07-07 14:53:00,1496.62,1496.64,1495.468,1495.97,6527.0
2020-07-07 14:52:00,1496.51,1497.17,1496.51,1497.17,4367.0
2020-07-07 14:51:00,1495.44,1496.35,1495.19,1496.35,5943.0
2020-07-07 14:50:00,1496.85,1496.87,1495.425,1495.85,5574.0
2020-07-07 14:49:00,1496.95,1496.95,1496.49,1496.63,2363.0
2020-07-07 14:48:00,1497.2,1497.2,1496.629,1497.13,1719.0
2020-07-07 14:47:00,1496.98,1497.14,1496.9,1497.14,970.0
2020-07-07 14:46:00,1497.0,1497.505,1496.71,1496.71,4090.0
2020-07-07 14:45:00,1497.08,1497.16,1496.75,1497.08,3717.0
2020-07-07 14:44:00,1497.5,1497.725,1496.83,1496.83,5459.0
2020-07-07 14:43:00,1497.44,1497.49,1497.22,1497.4,1587.0
2020-07-07 14:42:00,1496.7,1496.92,1496.7,1496.92,1656.0
2020-07-07 14:41:00,1497.79,1498.37,1496.1,1496.82,14458.0
2020-07-07 14:40:00,1498.41,1498.41,1497.465,1497.465,5316.0
2020-07-07 14:39:00,1499.2,1499.27,1499.2,1499.2,1949.0
2020-07-07 14:38:00,1500.13,1500.13,1499.16,1499.16,2028.0
2020-07-07 14:37:00,1499.7,1500.03,1499.7,1500.03,979.0
2020-07-07 14:36:00,1499.84,1500.01,1499.67,1500.01,1901.0
2020-07-07 14:35:00,1499.45,1499.59,1498.8,1499.56,4109.0
2020-07-07 14:34:00,1498.62,1500.15,1498.62,1499.3,5131.0
2020-07-07 14:33:00,1497.99,1498.4,1497.85,1498.11,3782.0
2020-07-07 14:32:00,1498.69,1498.89,1497.87,1498.07,4847.0
2020-07-07 14:31:00,1499.36,1499.68,1498.51,1498.54,2878.0
2020-07-07 14:30:00,1500.555,1500.89,1499.91,1499.91,1298.0
2020-07-07 14:29:00,1499.82,1500.49,1499.49,1500.49,2398.0
2020-07-07 14:28:00,1499.15,1499.775,1499.15,1499.775,2500.0
2020-07-07 14:27:00,1499.49,1499.49,1498.89,1499.2335,2153.0
2020-07-07 14:26:00,1499.59,1500.71,1499.59,1500.38,3255.0
2020-07-07 14:25:00,1499.53,1499.53,1498.98,1499.23,1855.0
2020-07-07 14:24:00,1499.683,1499.683,1499.08,1499.53,2391.0
2020-07-07 14:23:00,1499.7,1500.04,1499.37,1499.37,1826.0
2020-07-07 14:22:00,1499.98,1499.98,1499.305,1499.82,2400.0
2020-07-07 14:21:00,1501.22,1501.36,1499.93,1500.04,3193.0
2020-07-07 14:20:00,1501.33,1501.7,1500.87,1500.87,3394.0
2020-07-07 14:19:00,1500.43,1501.26,1500.43,1500.76,1894.0
2020-07-07 14:18:00,1501.16,1501.19,1500.02,1500.02,6577.0
2020-07-07 14:17:00,1501.99,1501.99,1501.21,1501.21,2872.0
2020-07-07 14:16:00,1501.63,1502.05,1501.48,1501.87,2291.0
2020-07-07 14:15:00,1502.086,1502.33,1502.05,1502.1,1517.0
2020-07-07 14:14:00,1502.29,1502.485,1502.18,1502.39,1629.0
2020-07-07 14:13:00,1502.088,1502.65,1502.0,1502.22,3554.0
2020-07-07 14:12:00,1502.77,1503.04,1502.5,1502.5,2949.0
2020-07-07 14:11:00,1502.95,1503.37,1502.855,1502.98,2419.0
2020-07-07 14:10:00,1503.17,1503.17,1502.97,1503.09,1141.0
2020-07-07 14:09:00,1502.62,1503.17,1502.62,1503.04,1641.0
2020-07-07 14:08:00,1502.275,1503.72,1502.275,1503.33,4629.0
2020-07-07 14:07:00,1501.16,1502.35,1501.16,1502.33,11092.0
2020-07-07 14:06:00,1501.52,1501.73,1501.27,1501.28,2390.0
2020-07-07 14:05:00,1502.31,1502.53,1501.19,1501.19,3390.0
2020-07-07 14:04:00,1502.51,1502.54,1502.0,1502.32,1824.0
2020-07-07 14:03:00,1502.955,1502.955,1502.57,1502.57,1902.0
2020-07-07 14:02:00,1503.03,1503.03,1502.15,1502.53,1660.0
2020-07-07 14:01:00,1502.365,1502.67,1501.66,1502.67,4899.0
2020-07-07 14:00:00,1501.38,1502.4,1501.38,1502.355,3268.0
2020-07-07 13:59:00,1502.29,1502.29,1501.39,1501.86,2680.0
2020-07-07 13:58:00,1502.875,1502.875,1502.5,1502.5,1454.0
2020-07-07 13:57:00,1502.8,1502.8,1502.79,1502.79,577.0
2020-07-07 13:56:00,1502.84,1503.22,1502.75,1502.93,4682.0
2020-07-07 13:55:00,1504.0,1504.0,1502.0,1502.09,2807.0
2020-07-07 13:54:00,1504.01,1504.43,1503.69,1503.79,2604.0
2020-07-07 13:53:00,1504.7057,1505.05,1504.37,1504.37,1916.0
2020-07-07 13:52:00,1505.045,1505.045,1504.65,1504.65,1072.0
2020-07-07 13:51:00,1504.73,1505.04,1504.5,1504.65,2106.0
2020-07-07 13:50:00,1504.34,1504.34,1504.34,1504.34,657.0
2020-07-07 13:49:00,1504.76,1505.1,1504.19,1504.27,4987.0
2020-07-07 13:48:00,1505.0,1505.0825,1504.51,1504.58,3429.0
2020-07-07 13:47:00,1504.8,1504.97,1504.67,1504.92,974.0
2020-07-07 13:46:00,1504.41,1504.9699,1504.1,1504.59,3032.0
2020-07-07 13:45:00,1504.85,1505.15,1504.58,1504.58,1712.0
2020-07-07 13:44:00,1504.61,1505.21,1504.61,1504.78,2540.0
2020-07-07 13:43:00,1504.78,1505.06,1504.78,1504.8,3080.0
2020-07-07 13:42:00,1504.66,1504.66,1504.58,1504.58,942.0
2020-07-07 13:41:00,1504.45,1505.89,1504.275,1505.0,2981.0
2020-07-07 13:40:00,1504.79,1504.92,1504.61,1504.62,2225.0
2020-07-07 13:39:00,1506.08,1506.08,1505.49,1505.49,1390.0
2020-07-07 13:38:00,1505.97,1506.4599,1505.97,1506.4599,940.0
2020-07-07 13:37:00,1506.16,1506.38,1506.01,1506.31,1147.0
2020-07-07 13:36:00,1505.48,1505.66,1505.1,1505.66,969.0
2020-07-07 13:35:00,1505.35,1505.35,1505.35,1505.35,962.0
2020-07-07 13:34:00,1505.24,1505.72,1504.92,1505.36,2235.0
2020-07-07 13:33:00,1504.76,1504.95,1504.76,1504.95,1129.0
2020-07-07 13:32:00,1504.89,1504.93,1504.89,1504.93,1430.0
2020-07-07 13:31:00,1505.82,1505.82,1504.26,1504.74,1685.0
2020-07-07 13:30:00,1505.41,1505.86,1505.41,1505.86,1203.0
2020-07-07 13:29:00,1504.98,1505.16,1504.87,1505.16,2529.0
2020-07-07 13:28:00,1504.945,1505.12,1504.045,1504.555,5370.0
2020-07-07 13:27:00,1505.925,1505.925,1504.69,1504.69,2050.0
2020-07-07 13:26:00,1506.03,1506.08,1506.03,1506.08,546.0
2020-07-07 13:25:00,1506.08,1506.3,1505.935,1505.935,671.0
2020-07-07 13:24:00,1506.21,1506.24,1505.945,1506.24,1467.0
2020-07-07 13:23:00,1505.66,1505.74,1505.59,1505.74,793.0
2020-07-07 13:22:00,1506.35,1506.43,1505.715,1506.08,2594.0
2020-07-07 13:21:00,1505.79,1506.08,1505.61,1506.08,2224.0
2020-07-07 13:20:00,1505.79,1506.16,1505.79,1506.16,408.0
2020-07-07 13:19:00,1505.9805,1506.13,1505.9805,1506.07,1163.0
2020-07-07 13:18:00,1506.57,1506.82,1505.0,1505.735,5107.0
2020-07-07 13:17:00,1506.0,1506.82,1506.0,1506.8,5213.0
2020-07-07 13:16:00,1506.55,1506.74,1506.0,1506.0,1640.0
2020-07-07 13:15:00,1505.21,1505.98,1505.2,1505.98,1441.0
2020-07-07 13:14:00,1505.07,1505.07,1504.42,1504.79,2613.0
2020-07-07 13:13:00,1504.42,1504.92,1504.0,1504.92,4444.0
2020-07-07 13:12:00,1505.19,1505.19,1503.67,1503.67,2177.0
2020-07-07 13:11:00,1506.17,1506.38,1504.45,1505.18,6800.0
2020-07-07 13:10:00,1506.375,1506.84,1506.235,1506.235,5112.0
2020-07-07 13:09:00,1507.82,1507.82,1505.755,1506.44,3573.0
2020-07-07 13:08:00,1507.75,1508.43,1507.75,1508.04,3004.0
2020-07-07 13:07:00,1508.535,1508.73,1508.075,1508.075,9451.0
2020-07-07 13:06:00,1509.57,1509.57,1508.345,1508.93,3702.0
2020-07-07 13:05:00,1509.215,1509.215,1509.215,1509.215,493.0
2020-07-07 13:04:00,1509.54,1509.54,1509.54,1509.54,1147.0
2020-07-07 13:03:00,1510.26,1510.6,1510.03,1510.03,1678.0
2020-07-07 13:02:00,1510.415,1510.81,1510.1509,1510.27,3602.0
2020-07-07 13:01:00,1511.4378,1511.4378,1510.11,1510.42,7092.0
2020-07-07 13:00:00,1510.65,1511.03,1510.435,1511.03,2809.0
2020-07-07 12:59:00,1508.38,1510.05,1508.38,1510.05,1220.0
2020-07-07 12:58:00,1508.35,1508.87,1507.7301,1508.87,3499.0
2020-07-07 12:57:00,1508.71,1508.81,1508.3,1508.81,1908.0
2020-07-07 12:56:00,1509.0,1509.34,1508.67,1508.935,2258.0
2020-07-07 12:55:00,1509.39,1509.7316,1508.74,1508.94,1991.0
2020-07-07 12:54:00,1509.805,1510.17,1509.61,1510.125,3521.0
2020-07-07 12:53:00,1509.74,1509.74,1509.74,1509.74,499.0
2020-07-07 12:52:00,1510.47,1510.48,1509.805,1509.805,913.0
2020-07-07 12:51:00,1510.52,1511.03,1509.785,1511.03,2519.0
2020-07-07 12:50:00,1510.83,1510.83,1510.5,1510.5,450.0
2020-07-07 12:49:00,1510.7699,1510.9,1510.5,1510.9,2001.0
2020-07-07 12:48:00,1510.41,1510.73,1510.22,1510.22,850.0
2020-07-07 12:47:00,1509.25,1510.038,1509.25,1510.038,1510.0
2020-07-07 12:46:00,1508.81,1509.195,1508.81,1509.195,1331.0
2020-07-07 12:45:00,1507.49,1508.875,1507.49,1508.875,2973.0
2020-07-07 12:44:00,1509.54,1509.54,1507.39,1507.39,5702.0
2020-07-07 12:43:00,1510.005,1510.005,1509.67,1509.67,2207.0
2020-07-07 12:42:00,1510.76,1511.18,1510.64,1510.75,3605.0
2020-07-07 12:41:00,1510.64,1511.12,1510.64,1510.76,3186.0
2020-07-07 12:40:00,1511.12,1511.12,1510.87,1510.87,684.0
2020-07-07 12:39:00,1511.23,1511.46,1511.02,1511.02,1428.0
2020-07-07 12:38:00,1511.53,1511.8,1511.45,1511.565,2304.0
2020-07-07 12:37:00,1511.99,1511.99,1511.42,1511.78,1903.0
2020-07-07 12:36:00,1513.585,1513.87,1511.98,1512.78,3156.0
2020-07-07 12:35:00,1513.37,1513.5,1512.85,1513.5,1721.0
2020-07-07 12:34:00,1513.49,1513.755,1513.0,1513.755,3098.0
2020-07-07 12:33:00,1513.18,1513.45,1513.18,1513.405,1815.0
2020-07-07 12:32:00,1511.89,1512.52,1511.89,1512.52,3386.0
2020-07-07 12:31:00,1512.3,1512.615,1511.71,1511.86,3452.0
2020-07-07 12:30:00,1512.93,1512.93,1512.25,1512.3,1708.0
2020-07-07 12:29:00,1511.11,1512.72,1511.11,1512.72,2701.0
2020-07-07 12:28:00,1511.38,1511.98,1510.6801,1510.6801,1432.0
2020-07-07 12:27:00,1512.34,1512.67,1510.99,1510.99,3040.0
2020-07-07 12:26:00,1512.49,1513.21,1512.355,1512.55,2346.0
2020-07-07 12:25:00,1513.28,1513.5,1513.1996,1513.1996,2179.0
2020-07-07 12:24:00,1513.725,1514.19,1513.36,1513.83,3655.0
2020-07-07 12:23:00,1514.5099,1514.5099,1513.55,1513.55,3313.0
2020-07-07 12:22:00,1514.17,1514.41,1513.62,1513.62,1937.0
2020-07-07 12:20:00,1513.54,1513.81,1513.2711,1513.415,2757.0
2020-07-07 12:19:00,1513.0,1513.5,1512.6,1513.21,2773.0
2020-07-07 12:18:00,1513.26,1513.35,1512.5,1513.235,3424.0
2020-07-07 12:17:00,1513.26,1513.77,1513.15,1513.15,3488.0
2020-07-07 12:16:00,1513.05,1513.41,1512.5,1512.51,7417.0
2020-07-07 12:15:00,1513.04,1513.27,1512.99,1513.27,2021.0
2020-07-07 12:14:00,1513.51,1514.43,1513.155,1513.155,5649.0
2020-07-07 12:13:00,1513.72,1513.83,1513.68,1513.68,2149.0
2020-07-07 12:12:00,1514.18,1514.18,1513.5,1513.61,4089.0
2020-07-07 12:11:00,1515.6362,1515.67,1515.0,1515.11,4621.0
2020-07-07 12:10:00,1516.2,1516.2,1515.42,1515.42,2854.0
2020-07-07 12:09:00,1516.44,1516.8217,1516.26,1516.545,1204.0
2020-07-07 12:08:00,1517.17,1517.17,1516.37,1516.71,5215.0
2020-07-07 12:07:00,1517.72,1517.72,1517.13,1517.6,2200.0
2020-07-07 12:06:00,1518.71,1519.0,1518.1,1518.1,3232.0
2020-07-07 12:05:00,1519.415,1519.415,1518.475,1518.475,2100.0
2020-07-07 12:04:00,1520.52,1520.54,1519.57,1519.57,1911.0
2020-07-07 12:03:00,1520.68,1521.32,1520.4,1521.01,4752.0
2020-07-07 12:02:00,1520.32,1521.0,1520.19,1520.64,2555.0
2020-07-07 12:01:00,1519.31,1519.96,1518.625,1519.96,5138.0
2020-07-07 12:00:00,1519.27,1519.65,1519.27,1519.65,1487.0
2020-07-07 11:59:00,1520.0,1520.18,1519.0,1519.0,1939.0
2020-07-07 11:58:00,1519.91,1520.37,1519.57,1519.98,3198.0
2020-07-07 11:57:00,1520.15,1520.23,1519.38,1519.38,4658.0
2020-07-07 11:56:00,1520.13,1521.15,1519.81,1520.17,7597.0
2020-07-07 11:55:00,1520.79,1520.89,1520.25,1520.27,3448.0
2020-07-07 11:54:00,1520.09,1520.5,1520.09,1520.5,3298.0
2020-07-07 11:53:00,1519.7105,1520.3,1519.53,1520.3,6177.0
2020-07-07 11:52:00,1518.23,1519.68,1518.0601,1519.28,8020.0
2020-07-07 11:51:00,1517.17,1517.96,1516.73,1517.96,3903.0
2020-07-07 11:50:00,1516.99,1517.4,1516.73,1517.4,2303.0
2020-07-07 11:49:00,1516.98,1517.19,1516.98,1517.19,2079.0
2020-07-07 11:48:00,1516.29,1516.65,1516.25,1516.65,2587.0
2020-07-07 11:47:00,1516.4653,1516.71,1515.97,1515.97,4007.0
2020-07-07 11:46:00,1516.86,1516.91,1516.86,1516.91,1000.0
2020-07-07 11:45:00,1516.55,1517.0,1516.43,1516.47,3820.0
2020-07-07 11:44:00,1516.32,1516.57,1516.0,1516.57,1470.0
2020-07-07 11:43:00,1516.2,1516.2,1516.18,1516.2,812.0
2020-07-07 11:42:00,1516.06,1516.8399,1515.58,1515.99,4112.0
2020-07-07 11:41:00,1515.34,1516.08,1515.3,1516.07,3375.0
2020-07-07 11:40:00,1515.355,1515.38,1514.95,1515.38,4400.0
2020-07-07 11:39:00,1517.09,1517.09,1514.95,1514.95,5458.0
2020-07-07 11:38:00,1518.09,1518.15,1517.025,1517.025,2519.0
2020-07-07 11:37:00,1518.08,1518.13,1517.14,1517.69,5177.0
2020-07-07 11:36:00,1518.44,1518.927,1518.3375,1518.595,2509.0
2020-07-07 11:35:00,1518.91,1518.91,1518.4,1518.4,2742.0
2020-07-07 11:34:00,1518.825,1519.6299,1518.54,1519.03,3079.0
2020-07-07 11:33:00,1519.53,1520.09,1518.5826,1518.81,5872.0
2020-07-07 11:32:00,1519.659,1520.35,1519.56,1519.65,3546.0
2020-07-07 11:31:00,1519.78,1520.1,1519.415,1520.0,2224.0
2020-07-07 11:30:00,1519.585,1520.03,1519.48,1519.48,4772.0
2020-07-07 11:29:00,1519.65,1520.0,1519.15,1519.5,8548.0
2020-07-07 11:28:00,1518.91,1519.63,1518.88,1519.625,3595.0
2020-07-07 11:27:00,1519.25,1519.3,1518.96,1519.3,1759.0
2020-07-07 11:26:00,1517.8,1518.7,1517.62,1518.68,4609.0
2020-07-07 11:25:00,1517.41,1518.0,1517.41,1517.9443,6186.0
2020-07-07 11:24:00,1516.87,1517.6925,1516.87,1517.2092,4030.0
2020-07-07 11:23:00,1517.13,1517.6,1516.89,1517.07,4868.0
2020-07-07 11:22:00,1517.25,1517.65,1517.02,1517.31,8115.0
2020-07-07 11:21:00,1516.755,1517.7399,1516.75,1517.02,3941.0
2020-07-07 11:20:00,1516.2,1516.92,1516.0,1516.55,4221.0
2020-07-07 11:19:00,1516.15,1516.39,1515.65,1516.23,2728.0
2020-07-07 11:18:00,1516.21,1516.21,1515.53,1516.09,3268.0
2020-07-07 11:17:00,1516.14,1516.2299,1515.75,1515.89,4297.0
2020-07-07 11:16:00,1515.59,1516.09,1515.59,1516.06,2153.0
2020-07-07 11:15:00,1515.99,1516.23,1515.17,1515.24,4128.0
2020-07-07 11:14:00,1515.69,1516.03,1515.51,1515.695,1898.0
2020-07-07 11:13:00,1515.69,1516.15,1515.51,1516.0,3509.0
2020-07-07 11:12:00,1516.04,1516.27,1515.56,1515.935,7056.0
2020-07-07 11:11:00,1516.01,1516.39,1516.0,1516.03,4451.0
2020-07-07 11:10:00,1515.63,1516.15,1515.5525,1516.01,4843.0
2020-07-07 11:09:00,1516.17,1516.17,1515.76,1515.76,2963.0
2020-07-07 11:08:00,1515.76,1516.0,1515.39,1515.95,3683.0
2020-07-07 11:07:00,1516.37,1516.37,1515.91,1515.91,2653.0
2020-07-07 11:06:00,1516.04,1516.28,1515.49,1516.0,3567.0
2020-07-07 11:05:00,1515.975,1516.36,1515.7561,1516.01,3476.0
2020-07-07 11:04:00,1516.25,1516.43,1515.79,1516.0,7097.0
2020-07-07 11:03:00,1516.11,1516.46,1516.02,1516.02,3992.0
2020-07-07 11:02:00,1517.604,1517.62,1516.21,1516.265,7646.0
2020-07-07 11:01:00,1518.065,1518.29,1517.72,1517.72,3651.0
2020-07-07 11:00:00,1519.07,1519.07,1518.52,1518.65,3389.0
2020-07-07 10:59:00,1518.38,1518.99,1518.34,1518.89,3581.0
2020-07-07 10:58:00,1518.42,1518.78,1518.36,1518.53,2782.0
2020-07-07 10:57:00,1519.765,1520.0,1518.52,1518.55,8590.0
2020-07-07 10:56:00,1518.72,1519.87,1518.545,1519.5,8578.0
2020-07-07 10:55:00,1517.01,1518.73,1516.72,1518.69,8623.0
2020-07-07 10:54:00,1517.05,1517.15,1516.37,1516.71,4739.0
2020-07-07 10:53:00,1516.33,1517.4293,1516.28,1517.02,6457.0
2020-07-07 10:52:00,1514.86,1517.0,1514.78,1516.1628,6958.0
2020-07-07 10:51:00,1514.935,1515.5,1514.47,1514.83,8475.0
2020-07-07 10:50:00,1514.09,1514.93,1513.97,1514.93,4222.0
2020-07-07 10:49:00,1514.495,1514.63,1513.57,1514.1,5306.0
2020-07-07 10:48:00,1513.77,1514.67,1513.77,1514.485,10501.0
2020-07-07 10:47:00,1514.0,1514.0,1513.08,1513.75,4288.0
2020-07-07 10:46:00,1513.59,1514.0,1513.11,1514.0,5223.0
2020-07-07 10:45:00,1513.6,1514.0,1513.38,1513.38,7994.0
2020-07-07 10:44:00,1513.41,1514.25,1513.41,1513.42,2641.0
2020-07-07 10:43:00,1514.04,1514.335,1513.89,1514.0,2942.0
2020-07-07 10:42:00,1513.78,1514.19,1513.41,1514.03,6911.0
2020-07-07 10:41:00,1513.16,1514.5918,1513.12,1513.375,4845.0
2020-07-07 10:40:00,1514.0,1514.04,1513.03,1513.62,4150.0
2020-07-07 10:39:00,1513.695,1514.03,1513.57,1513.67,6394.0
2020-07-07 10:38:00,1514.16,1514.67,1513.315,1513.78,11058.0
2020-07-07 10:37:00,1515.0,1515.28,1514.645,1514.67,3528.0
2020-07-07 10:36:00,1513.89,1515.8,1513.89,1515.01,3551.0
2020-07-07 10:35:00,1514.83,1515.22,1514.01,1514.01,5834.0
2020-07-07 10:34:00,1515.93,1515.93,1514.86,1514.86,6658.0
2020-07-07 10:33:00,1515.98,1516.48,1515.05,1516.17,8095.0
2020-07-07 10:32:00,1515.94,1516.19,1515.36,1516.01,3998.0
2020-07-07 10:31:00,1515.33,1516.095,1515.26,1515.3,4388.0
2020-07-07 10:30:00,1515.93,1516.18,1514.86,1515.48,8309.0
2020-07-07 10:29:00,1515.68,1515.68,1514.94,1515.28,4088.0
2020-07-07 10:28:00,1516.35,1516.51,1515.03,1515.97,15333.0
2020-07-07 10:27:00,1516.71,1516.94,1516.16,1516.31,5171.0
2020-07-07 10:26:00,1516.435,1517.12,1516.435,1516.955,4502.0
2020-07-07 10:25:00,1516.5,1517.42,1516.5,1516.95,6218.0
2020-07-07 10:24:00,1516.36,1516.91,1515.88,1516.31,6274.0
2020-07-07 10:23:00,1516.6549,1517.26,1516.0575,1516.0575,4338.0
2020-07-07 10:22:00,1516.46,1517.12,1516.46,1516.94,3141.0
2020-07-07 10:21:00,1517.21,1517.8406,1516.6201,1517.02,4913.0
2020-07-07 10:20:00,1515.89,1517.5687,1515.65,1517.145,8168.0
2020-07-07 10:19:00,1517.22,1517.54,1515.62,1515.86,6898.0
2020-07-07 10:18:00,1517.5,1518.52,1516.9,1517.45,13282.0
2020-07-07 10:17:00,1517.4448,1518.06,1517.17,1517.475,6913.0
2020-07-07 10:16:00,1517.55,1518.44,1517.149,1517.76,11245.0
2020-07-07 10:15:00,1517.36,1518.04,1516.95,1517.61,6109.0
2020-07-07 10:14:00,1518.2,1518.38,1517.03,1517.355,7491.0
2020-07-07 10:13:00,1516.14,1518.18,1516.14,1518.08,7340.0
2020-07-07 10:12:00,1514.77,1515.97,1514.05,1515.63,12212.0
2020-07-07 10:11:00,1513.67,1515.46,1513.51,1514.91,12312.0
2020-07-07 10:10:00,1513.0,1514.0165,1512.51,1513.68,13661.0
2020-07-07 10:09:00,1512.4899,1513.18,1511.76,1512.87,13250.0
2020-07-07 10:08:00,1511.605,1512.6,1511.42,1512.39,10446.0
2020-07-07 10:07:00,1510.665,1511.845,1510.38,1511.77,11932.0
2020-07-07 10:06:00,1511.78,1511.78,1510.3,1510.72,7462.0
2020-07-07 10:05:00,1511.8,1511.96,1511.05,1511.55,8892.0
2020-07-07 10:04:00,1511.58,1512.07,1511.17,1511.5,5298.0
2020-07-07 10:03:00,1511.575,1512.24,1510.675,1511.3,6169.0
2020-07-07 10:02:00,1510.61,1512.6,1510.61,1511.8,6426.0
2020-07-07 10:01:00,1511.92,1513.4606,1510.45,1510.45,17948.0
2020-07-07 10:00:00,1512.68,1513.49,1511.1,1511.78,10997.0
2020-07-07 09:59:00,1513.81,1513.83,1511.95,1512.98,9879.0
2020-07-07 09:58:00,1511.4,1513.66,1511.1716,1512.93,10357.0
2020-07-07 09:57:00,1510.18,1511.17,1510.17,1511.17,3618.0
2020-07-07 09:56:00,1510.47,1510.85,1509.4156,1510.21,8894.0
2020-07-07 09:55:00,1512.65,1513.19,1510.55,1510.55,5362.0
2020-07-07 09:54:00,1512.7,1513.35,1512.42,1512.79,7368.0
2020-07-07 09:53:00,1514.89,1515.07,1512.47,1512.47,8031.0
2020-07-07 09:52:00,1514.91,1515.51,1514.71,1515.24,9616.0
2020-07-07 09:51:00,1514.34,1515.35,1514.31,1515.1355,9563.0
2020-07-07 09:50:00,1513.32,1515.03,1512.87,1514.37,10525.0
2020-07-07 09:49:00,1513.02,1513.6961,1512.45,1512.6,11030.0
2020-07-07 09:48:00,1510.155,1513.765,1510.1,1512.61,11350.0
2020-07-07 09:47:00,1507.155,1510.03,1507.155,1510.005,12709.0
2020-07-07 09:46:00,1506.46,1507.13,1506.15,1507.09,5050.0
2020-07-07 09:45:00,1507.0612,1507.0612,1505.65,1507.01,5064.0
2020-07-07 09:44:00,1506.055,1507.02,1505.39,1505.72,10715.0
2020-07-07 09:43:00,1505.505,1506.31,1504.54,1505.78,10325.0
2020-07-07 09:42:00,1504.13,1506.45,1503.69,1505.425,11298.0
2020-07-07 09:41:00,1503.0,1505.185,1502.47,1504.22,9988.0
2020-07-07 09:40:00,1502.82,1504.555,1501.67,1502.95,16668.0
2020-07-07 09:39:00,1504.39,1504.49,1503.05,1503.05,5135.0
2020-07-07 09:38:00,1506.48,1506.74,1503.6447,1504.05,5935.0
2020-07-07 09:37:00,1505.835,1506.86,1504.82,1505.39,11499.0
2020-07-07 09:36:00,1502.97,1506.51,1502.36,1505.7,17578.0
2020-07-07 09:35:00,1500.0,1504.02,1500.0,1504.02,15167.0
2020-07-07 09:34:00,1498.99,1500.86,1498.99,1500.125,14985.0
2020-07-07 09:33:00,1498.18,1498.64,1496.85,1498.64,3285.0
2020-07-07 09:32:00,1496.0598,1498.0,1496.0286,1498.0,5660.0
2020-07-07 09:31:00,1496.13,1497.89,1493.62,1496.8675,38740.0
2020-07-07 09:30:00,1496.17,1496.41,1496.17,1496.41,486.0
2020-07-07 09:29:00,1496.18,1496.18,1496.18,1496.18,391.0
2020-07-07 09:17:00,1493.0,1493.0,1493.0,1493.0,426.0
2020-07-07 08:59:00,1494.8,1494.8,1494.8,1494.8,133.0
2020-07-07 08:53:00,1495.0,1495.0,1495.0,1495.0,202.0
2020-07-07 08:33:00,1492.0,1492.0,1492.0,1492.0,224.0
2020-07-07 08:31:00,1492.11,1492.11,1492.11,1492.11,276.0
2020-07-07 08:25:00,1497.99,1497.99,1497.99,1497.99,126.0
2020-07-07 08:13:00,1495.11,1495.36,1495.0,1495.0,704.0
2020-07-07 08:11:00,1497.0,1497.0,1497.0,1497.0,205.0
2020-07-07 08:05:00,1499.65,1499.65,1499.65,1499.65,2000.0
2020-07-07 08:03:00,1496.84,1496.84,1496.84,1496.84,198.0
2020-07-07 07:34:00,1497.4,1497.4,1497.4,1497.4,248.0
2020-07-07 05:29:00,1493.0,1493.0,1493.0,1493.0,146.0
2020-07-07 05:12:00,1493.0,1493.0,1493.0,1493.0,230.0
2020-07-07 05:10:00,1492.69,1493.0,1492.69,1493.0,400.0
2020-07-07 04:32:00,1487.21,1487.21,1487.21,1487.21,200.0
2020-07-06 19:59:00,1503.8,1503.8,1503.8,1503.8,205.0
2020-07-06 19:21:00,1504.0,1504.0,1504.0,1504.0,272.0
2020-07-06 17:20:00,1501.55,1501.55,1501.55,1501.55,361.0
2020-07-06 16:47:00,1502.0,1502.0,1502.0,1502.0,103.0
2020-07-06 16:18:00,1499.65,1499.65,1499.65,1499.65,2103.0
2020-07-06 16:17:00,1502.79,1503.55,1502.79,1503.55,1151.0
2020-07-06 16:16:00,1501.15,1501.15,1501.15,1501.15,5598.0
2020-07-06 16:09:00,1499.65,1501.0,1499.65,1501.0,1961.0
2020-07-06 16:04:00,1500.0,1501.0,1500.0,1501.0,473.0
2020-07-06 16:02:00,1499.65,1499.65,1499.65,1499.65,390.0
2020-07-06 16:01:00,1499.65,1499.65,1497.92,1497.92,51560.0
2020-07-06 16:00:00,1499.12,1500.86,1497.595,1499.66,45099.0
2020-07-06 15:59:00,1500.48,1500.48,1498.79,1499.01,18373.0
2020-07-06 15:58:00,1501.07,1501.28,1500.21,1500.475,21834.0
2020-07-06 15:57:00,1502.09,1502.29,1501.0,1501.17,21268.0
2020-07-06 15:56:00,1500.8,1503.67,1498.85,1502.4,30643.0
2020-07-06 15:55:00,1498.91,1501.94,1498.91,1501.31,39472.0
2020-07-06 15:54:00,1498.79,1499.03,1498.38,1498.89,12645.0
2020-07-06 15:53:00,1497.77,1498.52,1497.755,1498.22,10591.0
2020-07-06 15:52:00,1497.48,1498.55,1497.24,1497.8,12359.0
2020-07-06 15:51:00,1496.16,1498.985,1496.12,1497.33,30977.0
2020-07-06 15:50:00,1495.72,1495.875,1494.76,1495.39,8832.0
2020-07-06 15:49:00,1494.7,1495.99,1494.58,1495.36,7142.0
2020-07-06 15:48:00,1494.13,1494.91,1493.51,1494.91,8310.0
2020-07-06 15:47:00,1494.97,1495.3,1492.57,1493.975,15854.0
2020-07-06 15:46:00,1494.24,1494.94,1494.24,1494.81,6358.0
2020-07-06 15:45:00,1494.22,1494.715,1493.405,1494.43,3575.0
2020-07-06 15:44:00,1494.55,1495.57,1494.33,1494.37,47821.0
2020-07-06 15:43:00,1494.98,1495.1,1494.72,1494.72,4513.0
2020-07-06 15:42:00,1495.27,1495.27,1494.55,1495.01,5498.0
2020-07-06 15:41:00,1496.07,1496.5,1495.31,1495.31,8162.0
2020-07-06 15:40:00,1495.54,1495.6,1495.22,1495.23,2349.0
2020-07-06 15:39:00,1494.07,1494.85,1494.07,1494.85,4306.0
2020-07-06 15:38:00,1494.9,1494.9,1494.07,1494.07,4886.0
2020-07-06 15:37:00,1494.6,1495.95,1494.585,1495.38,9886.0
2020-07-06 15:36:00,1494.36,1495.0,1494.33,1494.94,5287.0
2020-07-06 15:35:00,1493.18,1494.13,1493.18,1494.13,1525.0
2020-07-06 15:34:00,1493.08,1493.08,1492.04,1492.74,6644.0
2020-07-06 15:33:00,1494.26,1494.26,1493.39,1493.5693,3319.0
2020-07-06 15:32:00,1493.47,1494.03,1493.28,1494.03,4647.0
2020-07-06 15:31:00,1494.21,1494.28,1493.5,1493.77,6083.0
2020-07-06 15:30:00,1494.915,1495.2,1493.95,1494.03,3386.0
2020-07-06 15:29:00,1494.18,1494.87,1494.16,1494.87,1567.0
2020-07-06 15:28:00,1493.56,1494.37,1493.56,1494.37,3042.0
2020-07-06 15:27:00,1494.64,1494.64,1493.86,1493.93,2894.0
2020-07-06 15:26:00,1494.12,1494.64,1493.88,1494.58,3048.0
2020-07-06 15:25:00,1494.34,1494.56,1494.33,1494.56,1616.0
2020-07-06 15:24:00,1494.59,1494.59,1493.87,1494.26,2908.0
2020-07-06 15:23:00,1494.14,1495.06,1493.76,1494.29,11741.0
2020-07-06 15:22:00,1493.62,1494.54,1493.51,1494.52,2701.0
2020-07-06 15:21:00,1494.37,1494.545,1493.3,1493.3,5014.0
2020-07-06 15:20:00,1495.02,1495.1,1494.45,1494.64,2796.0
2020-07-06 15:19:00,1494.8,1495.29,1494.8,1495.29,1434.0
2020-07-06 15:18:00,1494.3457,1494.85,1494.305,1494.305,2237.0
2020-07-06 15:17:00,1494.01,1494.01,1493.31,1493.97,2124.0
2020-07-06 15:16:00,1493.51,1493.6,1493.51,1493.53,1646.0
2020-07-06 15:15:00,1493.81,1494.08,1493.34,1494.08,2793.0
2020-07-06 15:14:00,1494.0,1494.0,1492.53,1493.63,4339.0
2020-07-06 15:13:00,1494.31,1494.49,1494.0,1494.01,6047.0
2020-07-06 15:12:00,1490.25,1494.81,1490.25,1494.81,5480.0
2020-07-06 15:11:00,1489.63,1490.25,1489.19,1490.25,3094.0
2020-07-06 15:10:00,1489.0,1490.2065,1488.69,1490.2065,4262.0
2020-07-06 15:09:00,1489.47,1489.59,1489.13,1489.14,3257.0
2020-07-06 15:08:00,1490.06,1490.2,1489.0,1489.16,4807.0
2020-07-06 15:07:00,1491.2867,1491.335,1490.08,1490.54,7924.0
2020-07-06 15:06:00,1491.85,1492.32,1491.41,1491.91,3752.0
2020-07-06 15:05:00,1491.47,1491.81,1491.245,1491.76,6304.0
2020-07-06 15:04:00,1491.9,1491.9,1491.48,1491.57,4821.0
2020-07-06 15:03:00,1494.0,1494.15,1491.85,1492.32,8043.0
2020-07-06 15:02:00,1495.455,1495.455,1494.15,1494.15,4751.0
2020-07-06 15:01:00,1494.83,1495.58,1494.72,1495.435,3859.0
2020-07-06 15:00:00,1495.76,1495.92,1494.92,1495.07,2113.0
2020-07-06 14:59:00,1495.86,1495.86,1495.16,1495.45,4416.0
2020-07-06 14:58:00,1495.73,1496.05,1495.66,1496.0365,3629.0
2020-07-06 14:57:00,1494.89,1495.3653,1494.89,1495.3653,1219.0
2020-07-06 14:56:00,1495.15,1495.15,1494.43,1494.81,2570.0
2020-07-06 14:55:00,1494.29,1494.41,1494.12,1494.41,1743.0
2020-07-06 14:54:00,1494.48,1494.88,1494.12,1494.12,2982.0
2020-07-06 14:53:00,1495.31,1495.31,1494.5,1494.5,2338.0
2020-07-06 14:52:00,1495.25,1495.6,1495.25,1495.6,617.0
2020-07-06 14:51:00,1495.82,1495.9,1495.68,1495.68,1441.0
2020-07-06 14:50:00,1496.3,1496.3,1496.02,1496.02,1325.0
2020-07-06 14:49:00,1495.69,1496.55,1495.69,1496.28,3385.0
2020-07-06 14:48:00,1496.69,1496.735,1496.62,1496.735,789.0
2020-07-06 14:47:00,1497.52,1497.55,1497.24,1497.24,1689.0
2020-07-06 14:46:00,1496.7,1497.26,1496.7,1497.26,1218.0
2020-07-06 14:45:00,1496.49,1497.49,1496.49,1496.65,2205.0
2020-07-06 14:44:00,1498.218,1498.218,1496.65,1496.65,2069.0
2020-07-06 14:43:00,1497.27,1497.27,1497.23,1497.24,1376.0
2020-07-06 14:42:00,1497.92,1497.92,1497.1401,1497.1401,1099.0
2020-07-06 14:41:00,1498.65,1498.65,1497.79,1498.0,3226.0
2020-07-06 14:40:00,1498.0,1498.035,1497.8106,1498.035,1639.0
2020-07-06 14:39:00,1498.84,1498.84,1498.15,1498.19,2392.0
2020-07-06 14:38:00,1497.67,1499.15,1497.67,1499.15,2560.0
2020-07-06 14:37:00,1497.87,1498.27,1497.32,1497.32,4848.0
2020-07-06 14:36:00,1497.29,1497.51,1497.29,1497.51,821.0
2020-07-06 14:35:00,1497.16,1497.33,1496.5292,1496.876,4866.0
2020-07-06 14:34:00,1497.33,1498.0,1497.14,1497.37,3817.0
2020-07-06 14:33:00,1497.77,1497.77,1497.385,1497.395,1320.0
2020-07-06 14:32:00,1496.31,1497.75,1496.31,1497.75,2411.0
2020-07-06 14:31:00,1494.36,1495.89,1494.215,1495.89,2963.0
2020-07-06 14:30:00,1494.67,1494.67,1494.25,1494.54,2237.0
2020-07-06 14:29:00,1493.968,1493.968,1493.968,1493.968,1644.0
2020-07-06 14:28:00,1493.65,1493.65,1493.65,1493.65,390.0
2020-07-06 14:27:00,1493.74,1494.13,1493.33,1493.49,3485.0
2020-07-06 14:26:00,1494.07,1494.09,1493.7532,1493.7532,2426.0
2020-07-06 14:25:00,1494.01,1494.3,1494.01,1494.3,2009.0
2020-07-06 14:24:00,1494.11,1494.47,1494.0,1494.25,2675.0
2020-07-06 14:23:00,1494.5,1494.5,1493.42,1494.0,4371.0
2020-07-06 14:22:00,1493.72,1494.84,1493.31,1494.53,3780.0
2020-07-06 14:21:00,1494.07,1494.33,1493.58,1493.66,3817.0
2020-07-06 14:20:00,1493.08,1494.055,1493.08,1494.055,1876.0
2020-07-06 14:19:00,1493.7,1493.7,1493.0,1493.0,1565.0
2020-07-06 14:18:00,1493.94,1493.94,1493.46,1493.5825,2756.0
2020-07-06 14:17:00,1493.32,1493.6925,1493.2971,1493.55,1679.0
2020-07-06 14:16:00,1495.09,1495.5,1493.61,1493.61,3195.0
2020-07-06 14:15:00,1495.56,1495.56,1495.01,1495.01,2212.0
2020-07-06 14:14:00,1496.18,1496.18,1495.391,1495.3916,2486.0
2020-07-06 14:13:00,1496.26,1496.6,1496.18,1496.6,2243.0
2020-07-06 14:12:00,1497.18,1497.19,1496.34,1496.47,1859.0
2020-07-06 14:11:00,1495.57,1496.93,1495.42,1496.93,3982.0
2020-07-06 14:10:00,1495.26,1495.99,1495.26,1495.74,1127.0
2020-07-06 14:09:00,1494.41,1494.715,1494.39,1494.61,3590.0
2020-07-06 14:08:00,1495.69,1495.69,1494.6,1494.6,4131.0
2020-07-06 14:07:00,1496.18,1496.18,1495.8872,1495.8872,1285.0
2020-07-06 14:06:00,1495.64,1495.9,1495.29,1495.52,3229.0
2020-07-06 14:05:00,1495.68,1495.87,1495.47,1495.82,2492.0
2020-07-06 14:04:00,1495.02,1496.26,1495.0,1496.26,2455.0
2020-07-06 14:03:00,1495.27,1495.82,1494.9,1495.66,5008.0
2020-07-06 14:02:00,1497.755,1497.755,1495.92,1496.08,1854.0
2020-07-06 14:01:00,1498.0,1498.06,1497.63,1498.02,2548.0
2020-07-06 14:00:00,1498.7,1498.7,1498.07,1498.07,1573.0
2020-07-06 13:59:00,1499.01,1499.2925,1498.47,1499.2925,1170.0
2020-07-06 13:58:00,1498.8069,1499.43,1498.8069,1498.97,1921.0
2020-07-06 13:57:00,1498.7,1498.7,1498.48,1498.48,826.0
2020-07-06 13:56:00,1499.3,1499.31,1499.26,1499.26,930.0
2020-07-06 13:55:00,1499.15,1499.265,1498.8,1498.8,2711.0
2020-07-06 13:54:00,1497.46,1498.945,1497.46,1498.945,2448.0
2020-07-06 13:53:00,1497.9438,1497.9438,1497.9438,1497.9438,1021.0
2020-07-06 13:52:00,1498.91,1498.91,1498.675,1498.675,1103.0
2020-07-06 13:51:00,1500.275,1500.275,1498.4301,1498.935,3732.0
2020-07-06 13:50:00,1500.52,1500.56,1500.47,1500.47,1284.0
2020-07-06 13:49:00,1500.69,1500.8786,1500.69,1500.8786,424.0
2020-07-06 13:48:00,1501.01,1501.01,1500.59,1500.795,2533.0
2020-07-06 13:47:00,1501.49,1501.49,1501.215,1501.215,784.0
2020-07-06 13:46:00,1501.56,1501.7,1501.56,1501.57,1387.0
2020-07-06 13:45:00,1501.55,1501.55,1501.38,1501.38,1328.0
2020-07-06 13:44:00,1501.325,1501.63,1501.31,1501.62,938.0
2020-07-06 13:43:00,1501.24,1501.335,1501.24,1501.335,1479.0
2020-07-06 13:42:00,1501.27,1501.27,1500.93,1500.93,1496.0
2020-07-06 13:41:00,1502.06,1502.06,1502.06,1502.06,916.0
2020-07-06 13:40:00,1501.475,1501.895,1501.0,1501.34,2768.0
2020-07-06 13:39:00,1499.7,1501.0,1499.7,1501.0,1178.0
2020-07-06 13:38:00,1500.6,1500.6,1499.96,1499.98,2027.0
2020-07-06 13:37:00,1500.12,1500.625,1500.08,1500.625,1486.0
2020-07-06 13:36:00,1501.0,1501.0,1500.87,1500.87,1121.0
2020-07-06 13:35:00,1501.34,1501.85,1501.34,1501.4,1906.0
2020-07-06 13:34:00,1502.11,1502.235,1501.0,1501.0,3206.0
2020-07-06 13:33:00,1501.68,1502.354,1501.455,1502.17,2034.0
2020-07-06 13:32:00,1500.97,1501.15,1500.56,1501.15,2563.0
2020-07-06 13:31:00,1501.0,1501.0,1500.69,1500.69,948.0
2020-07-06 13:30:00,1500.64,1500.64,1500.64,1500.64,1188.0
2020-07-06 13:29:00,1500.71,1501.05,1500.43,1500.43,3130.0
2020-07-06 13:28:00,1499.93,1500.92,1499.93,1500.92,1166.0
2020-07-06 13:27:00,1498.98,1499.94,1498.72,1499.69,3712.0
2020-07-06 13:26:00,1499.15,1499.165,1499.15,1499.165,4477.0
2020-07-06 13:25:00,1498.99,1498.99,1498.99,1498.99,293.0
2020-07-06 13:24:00,1497.09,1497.09,1497.09,1497.09,1272.0
2020-07-06 13:23:00,1497.67,1497.93,1497.32,1497.32,1934.0
2020-07-06 13:22:00,1497.88,1497.89,1497.88,1497.89,1434.0
2020-07-06 13:21:00,1498.04,1498.2255,1497.95,1497.95,1604.0
2020-07-06 13:20:00,1498.32,1498.43,1498.32,1498.43,926.0
2020-07-06 13:19:00,1497.08,1498.29,1497.08,1498.29,3268.0
2020-07-06 13:18:00,1498.77,1498.91,1497.61,1497.61,2484.0
2020-07-06 13:17:00,1499.3,1499.52,1498.76,1498.76,3805.0
2020-07-06 13:16:00,1498.92,1499.3,1498.82,1499.3,3115.0
2020-07-06 13:15:00,1499.71,1499.77,1498.715,1499.34,2630.0
2020-07-06 13:14:00,1500.0,1500.04,1499.4,1500.0,3949.0
2020-07-06 13:13:00,1500.665,1500.665,1499.835,1500.0,8895.0
2020-07-06 13:12:00,1501.23,1501.6099,1500.79,1500.79,2651.0
2020-07-06 13:11:00,1502.32,1502.32,1501.525,1501.525,1653.0
2020-07-06 13:10:00,1503.855,1503.855,1502.73,1502.91,6121.0
2020-07-06 13:09:00,1504.455,1504.455,1503.79,1503.79,1259.0
2020-07-06 13:08:00,1505.34,1505.34,1504.71,1504.71,2426.0
2020-07-06 13:07:00,1505.98,1505.98,1505.64,1505.64,1053.0
2020-07-06 13:06:00,1504.98,1505.34,1504.98,1505.34,2026.0
2020-07-06 13:05:00,1505.52,1505.52,1505.16,1505.16,614.0
2020-07-06 13:04:00,1505.94,1505.94,1505.71,1505.72,1024.0
2020-07-06 13:03:00,1506.17,1506.59,1506.029,1506.029,2104.0
2020-07-06 13:02:00,1505.59,1506.29,1505.59,1506.02,1784.0
2020-07-06 13:01:00,1506.6,1506.6,1505.72,1505.72,3424.0
2020-07-06 13:00:00,1506.83,1507.47,1506.275,1506.275,3526.0
2020-07-06 12:59:00,1506.66,1507.11,1506.62,1506.62,3241.0
2020-07-06 12:58:00,1504.46,1506.18,1504.22,1506.18,4103.0
2020-07-06 12:57:00,1504.73,1504.73,1504.58,1504.58,1454.0
2020-07-06 12:56:00,1505.17,1505.17,1504.53,1504.53,868.0
2020-07-06 12:55:00,1505.82,1506.21,1505.105,1505.22,4536.0
2020-07-06 12:54:00,1506.25,1506.25,1505.61,1506.03,1848.0
2020-07-06 12:53:00,1505.95,1506.19,1505.79,1506.09,4223.0
2020-07-06 12:52:00,1505.88,1506.245,1505.3,1506.245,7141.0
2020-07-06 12:51:00,1505.21,1505.655,1505.06,1505.655,1320.0
2020-07-06 12:50:00,1504.98,1505.62,1504.98,1505.62,2035.0
2020-07-06 12:49:00,1503.71,1504.66,1503.71,1504.66,1881.0
2020-07-06 12:48:00,1504.03,1504.03,1503.3,1504.01,4124.0
2020-07-06 12:47:00,1504.24,1504.24,1503.56,1503.8,3388.0
2020-07-06 12:46:00,1503.5,1503.77,1503.16,1503.77,4274.0
2020-07-06 12:45:00,1503.49,1503.92,1503.26,1503.5,3992.0
2020-07-06 12:44:00,1502.82,1502.82,1502.82,1502.82,1306.0
2020-07-06 12:43:00,1502.39,1502.81,1501.6,1502.53,5557.0
2020-07-06 12:42:00,1501.79,1502.83,1501.79,1502.83,1808.0
2020-07-06 12:41:00,1500.9,1501.14,1500.9,1501.14,1460.0
2020-07-06 12:40:00,1499.5,1500.78,1499.5,1500.78,1476.0
2020-07-06 12:39:00,1497.591,1499.49,1497.591,1499.4,2008.0
2020-07-06 12:38:00,1497.68,1497.99,1497.26,1497.99,2549.0
2020-07-06 12:37:00,1497.33,1497.79,1497.33,1497.79,951.0
2020-07-06 12:36:00,1495.7,1497.48,1495.7,1496.95,3003.0
2020-07-06 12:35:00,1495.795,1496.21,1495.61,1495.61,2090.0
2020-07-06 12:34:00,1495.7,1495.99,1495.7,1495.99,1886.0
2020-07-06 12:33:00,1495.5,1495.95,1495.22,1495.95,4596.0
2020-07-06 12:32:00,1498.0,1498.0,1495.51,1495.51,6978.0
2020-07-06 12:30:00,1498.79,1498.79,1498.44,1498.55,1081.0
2020-07-06 12:29:00,1498.145,1498.33,1498.145,1498.33,1596.0
2020-07-06 12:28:00,1498.33,1498.49,1497.91,1498.49,2484.0
2020-07-06 12:27:00,1497.91,1498.33,1497.9,1498.33,3378.0
2020-07-06 12:26:00,1499.25,1499.25,1498.54,1498.54,2318.0
2020-07-06 12:25:00,1497.35,1498.09,1496.97,1498.05,3062.0
2020-07-06 12:24:00,1498.05,1498.28,1497.41,1497.46,4203.0
2020-07-06 12:23:00,1499.025,1499.69,1498.52,1498.52,5726.0
2020-07-06 12:22:00,1498.66,1498.69,1497.49,1498.58,3657.0
2020-07-06 12:21:00,1498.5821,1498.84,1498.5821,1498.78,1616.0
2020-07-06 12:20:00,1499.48,1499.74,1498.46,1498.46,4106.0
2020-07-06 12:19:00,1500.52,1500.52,1499.69,1499.69,1496.0
2020-07-06 12:18:00,1500.97,1501.0236,1500.48,1500.48,1939.0
2020-07-06 12:17:00,1499.9,1500.59,1499.9,1500.59,1381.0
2020-07-06 12:16:00,1499.755,1500.7099,1499.54,1500.0,2829.0
2020-07-06 12:15:00,1501.0,1501.0,1499.52,1499.75,3110.0
2020-07-06 12:14:00,1501.46,1501.71,1501.09,1501.27,2756.0
2020-07-06 12:13:00,1502.28,1502.51,1501.3,1501.3,3988.0
2020-07-06 12:12:00,1501.08,1502.63,1500.15,1502.35,7591.0
2020-07-06 12:11:00,1501.05,1501.05,1500.22,1500.674,2793.0
2020-07-06 12:10:00,1500.165,1500.97,1500.165,1500.97,3260.0
2020-07-06 12:09:00,1501.05,1501.05,1499.875,1500.34,4184.0
2020-07-06 12:08:00,1501.19,1501.4,1501.06,1501.06,3579.0
2020-07-06 12:07:00,1501.17,1501.45,1501.07,1501.08,2498.0
2020-07-06 12:06:00,1501.43,1501.43,1501.13,1501.13,3398.0
2020-07-06 12:05:00,1501.0,1501.66,1500.92,1501.61,2045.0
2020-07-06 12:04:00,1500.55,1501.0,1500.55,1500.99,2744.0
2020-07-06 12:03:00,1501.59,1501.59,1500.71,1500.71,2393.0
2020-07-06 12:02:00,1502.01,1502.24,1501.398,1502.07,4659.0
2020-07-06 12:01:00,1502.97,1502.97,1502.0,1502.42,5012.0
2020-07-06 12:00:00,1503.12,1503.405,1503.06,1503.14,3330.0
2020-07-06 11:59:00,1505.0,1505.0,1503.73,1503.73,3529.0
2020-07-06 11:58:00,1505.18,1505.5,1504.84,1504.84,3776.0
2020-07-06 11:57:00,1506.54,1506.54,1505.1974,1505.1974,5271.0
2020-07-06 11:56:00,1508.63,1508.63,1506.53,1506.53,4021.0
2020-07-06 11:55:00,1509.67,1510.0,1508.77,1508.77,8769.0
2020-07-06 11:54:00,1508.96,1510.0,1508.84,1509.76,11851.0
2020-07-06 11:53:00,1508.95,1509.235,1508.69,1509.14,5172.0
2020-07-06 11:52:00,1508.81,1509.06,1508.73,1508.93,3818.0
2020-07-06 11:51:00,1509.202,1509.202,1508.47,1508.47,3903.0
2020-07-06 11:50:00,1508.62,1509.0,1508.47,1508.94,3590.0
2020-07-06 11:49:00,1508.73,1508.78,1508.71,1508.78,829.0
2020-07-06 11:48:00,1508.5,1508.5,1508.265,1508.265,1085.0
2020-07-06 11:47:00,1508.45,1508.47,1508.4,1508.4,1850.0
2020-07-06 11:46:00,1508.4075,1508.74,1508.4,1508.4,3177.0
2020-07-06 11:45:00,1507.91,1508.48,1507.43,1508.48,5211.0
2020-07-06 11:44:00,1507.82,1508.05,1507.5,1507.91,5968.0
2020-07-06 11:43:00,1508.46,1508.46,1507.12,1508.2399,5787.0
2020-07-06 11:42:00,1509.775,1510.0,1508.61,1508.61,13596.0
2020-07-06 11:41:00,1508.61,1509.6499,1508.31,1509.41,4071.0
2020-07-06 11:40:00,1507.86,1508.39,1507.49,1508.24,7324.0
2020-07-06 11:39:00,1506.8,1508.06,1506.79,1508.0085,6132.0
2020-07-06 11:38:00,1507.36,1507.59,1507.0,1507.0,5326.0
2020-07-06 11:37:00,1507.47,1507.52,1506.83,1507.265,8533.0
2020-07-06 11:36:00,1506.84,1507.59,1506.53,1507.485,5997.0
2020-07-06 11:35:00,1506.43,1506.835,1506.31,1506.69,6082.0
2020-07-06 11:34:00,1505.92,1506.79,1505.79,1506.32,9755.0
2020-07-06 11:33:00,1503.815,1506.0,1503.815,1505.93,3902.0
2020-07-06 11:32:00,1504.385,1504.59,1503.65,1504.02,9744.0
2020-07-06 11:31:00,1505.9311,1505.9311,1504.15,1504.56,5367.0
2020-07-06 11:30:00,1505.45,1505.725,1505.34,1505.635,4677.0
2020-07-06 11:29:00,1505.545,1506.18,1505.39,1505.78,7146.0
2020-07-06 11:28:00,1504.63,1505.67,1504.63,1505.6,4854.0
2020-07-06 11:27:00,1504.91,1505.1,1504.33,1504.5675,6715.0
2020-07-06 11:26:00,1503.54,1505.03,1503.22,1504.47,8372.0
2020-07-06 11:25:00,1502.59,1503.42,1502.22,1503.42,5353.0
2020-07-06 11:24:00,1502.7651,1502.86,1501.99,1502.5457,4652.0
2020-07-06 11:23:00,1500.66,1502.695,1500.66,1502.695,5751.0
2020-07-06 11:22:00,1500.515,1500.785,1500.34,1500.785,2631.0
2020-07-06 11:21:00,1501.41,1501.41,1500.07,1500.28,9155.0
2020-07-06 11:20:00,1500.19,1501.0,1499.98,1500.93,9701.0
2020-07-06 11:19:00,1500.225,1500.69,1500.14,1500.29,8044.0
2020-07-06 11:18:00,1499.1525,1499.93,1499.1525,1499.93,3900.0
2020-07-06 11:17:00,1499.53,1499.67,1498.9,1499.29,4046.0
2020-07-06 11:16:00,1500.43,1500.5291,1499.58,1499.58,2994.0
2020-07-06 11:15:00,1500.0,1500.44,1499.68,1500.44,6763.0
2020-07-06 11:14:00,1500.0,1500.2,1499.0,1499.32,6282.0
2020-07-06 11:13:00,1499.995,1500.07,1499.05,1499.05,18556.0
2020-07-06 11:12:00,1499.71,1500.0,1499.71,1499.99,6344.0
2020-07-06 11:11:00,1499.57,1499.61,1498.91,1499.07,5448.0
2020-07-06 11:10:00,1498.79,1499.95,1498.79,1499.67,2475.0
2020-07-06 11:09:00,1498.77,1498.77,1497.37,1498.49,4640.0
2020-07-06 11:08:00,1497.8,1499.23,1497.8,1498.91,3939.0
2020-07-06 11:07:00,1498.85,1498.98,1497.73,1497.83,6161.0
2020-07-06 11:06:00,1498.0,1498.8415,1497.96,1498.79,9752.0
2020-07-06 11:05:00,1497.445,1497.9736,1497.445,1497.9736,1335.0
2020-07-06 11:04:00,1496.01,1496.82,1496.01,1496.8,3154.0
2020-07-06 11:03:00,1495.61,1496.27,1495.53,1496.27,3019.0
2020-07-06 11:02:00,1496.25,1496.3899,1495.7706,1496.09,5540.0
2020-07-06 11:01:00,1496.83,1497.0,1496.25,1496.56,3102.0
2020-07-06 11:00:00,1495.6923,1496.748,1495.68,1496.748,4835.0
2020-07-06 10:59:00,1494.35,1495.0,1494.34,1495.0,2304.0
2020-07-06 10:58:00,1493.8646,1494.432,1493.8646,1493.9,2760.0
2020-07-06 10:57:00,1493.0777,1493.54,1492.89,1493.54,3670.0
2020-07-06 10:56:00,1492.68,1493.44,1492.68,1493.2111,2029.0
2020-07-06 10:55:00,1493.82,1493.97,1492.43,1492.43,6174.0
2020-07-06 10:54:00,1494.45,1494.49,1493.81,1494.0053,3732.0
2020-07-06 10:53:00,1494.73,1494.98,1494.09,1494.2638,4495.0
2020-07-06 10:52:00,1494.145,1495.2672,1494.145,1494.76,1915.0
2020-07-06 10:51:00,1495.1,1495.1,1493.7601,1493.7601,3001.0
2020-07-06 10:50:00,1495.16,1495.69,1494.89,1495.15,7688.0
2020-07-06 10:49:00,1494.55,1495.01,1494.26,1495.01,4136.0
2020-07-06 10:48:00,1494.71,1494.71,1493.72,1494.16,3332.0
2020-07-06 10:47:00,1493.9,1495.26,1493.9,1494.77,6032.0
2020-07-06 10:46:00,1493.89,1494.73,1493.73,1494.29,4410.0
2020-07-06 10:45:00,1493.67,1493.67,1493.67,1493.67,1159.0
2020-07-06 10:44:00,1491.47,1492.44,1491.41,1492.395,2894.0
2020-07-06 10:43:00,1493.085,1493.085,1491.9625,1492.2,4577.0
2020-07-06 10:42:00,1492.54,1493.1803,1492.54,1492.948,2492.0
2020-07-06 10:41:00,1491.4903,1492.59,1491.415,1492.525,2974.0
2020-07-06 10:40:00,1491.19,1491.6704,1491.03,1491.37,3151.0
2020-07-06 10:39:00,1491.48,1491.5,1491.22,1491.5,1966.0
2020-07-06 10:38:00,1492.02,1492.02,1491.55,1491.85,2982.0
2020-07-06 10:37:00,1494.0,1494.01,1492.32,1492.34,6620.0
2020-07-06 10:36:00,1493.39,1494.7399,1493.3,1494.4065,6851.0
2020-07-06 10:35:00,1495.38,1495.49,1493.13,1493.35,7065.0
2020-07-06 10:34:00,1495.0,1495.35,1494.685,1495.35,7741.0
2020-07-06 10:33:00,1493.78,1494.58,1493.78,1494.58,6691.0
2020-07-06 10:32:00,1493.6,1494.15,1493.42,1493.47,4647.0
2020-07-06 10:31:00,1492.65,1493.46,1492.63,1493.19,7531.0
2020-07-06 10:30:00,1492.59,1493.28,1492.06,1493.28,2120.0
2020-07-06 10:29:00,1492.07,1492.84,1491.71,1492.84,4904.0
2020-07-06 10:28:00,1490.76,1493.0,1490.76,1492.02,14376.0
2020-07-06 10:27:00,1492.02,1492.5,1491.22,1491.22,9499.0
2020-07-06 10:26:00,1490.39,1491.87,1489.93,1491.87,5522.0
2020-07-06 10:25:00,1490.59,1491.03,1489.6,1490.12,4687.0
2020-07-06 10:24:00,1489.71,1490.22,1489.69,1489.9975,5407.0
2020-07-06 10:23:00,1488.2,1488.76,1488.13,1488.13,1863.0
2020-07-06 10:22:00,1488.03,1488.66,1488.01,1488.01,4036.0
2020-07-06 10:21:00,1487.31,1487.94,1487.12,1487.6,1897.0
2020-07-06 10:20:00,1487.855,1488.2193,1487.342,1488.12,3290.0
2020-07-06 10:19:00,1488.665,1489.25,1487.7,1487.88,6915.0
2020-07-06 10:18:00,1489.315,1489.6,1488.35,1488.35,5278.0
2020-07-06 10:17:00,1488.39,1490.0,1488.272,1489.05,7911.0
2020-07-06 10:16:00,1485.96,1487.65,1485.96,1487.65,3211.0
2020-07-06 10:15:00,1484.98,1485.61,1484.51,1484.725,3128.0
2020-07-06 10:14:00,1482.95,1484.22,1482.925,1484.22,3105.0
2020-07-06 10:13:00,1484.76,1484.76,1482.32,1482.5,3534.0
2020-07-06 10:12:00,1485.45,1485.96,1484.81,1485.04,9817.0
2020-07-06 10:11:00,1485.76,1485.96,1485.04,1485.41,9594.0
2020-07-06 10:10:00,1484.88,1485.84,1484.0089,1485.77,11101.0
2020-07-06 10:09:00,1484.695,1485.16,1484.31,1484.99,7879.0
2020-07-06 10:08:00,1485.0,1485.71,1484.43,1484.58,7458.0
2020-07-06 10:07:00,1488.92,1488.95,1485.0,1485.34,12115.0
2020-07-06 10:06:00,1490.74,1491.25,1488.19,1488.46,12981.0
2020-07-06 10:05:00,1489.46,1490.49,1489.45,1490.48,11490.0
2020-07-06 10:04:00,1488.635,1490.0,1488.55,1488.55,17247.0
2020-07-06 10:03:00,1488.17,1488.88,1487.9,1488.4129,10984.0
2020-07-06 10:02:00,1487.462,1488.4299,1486.96,1488.18,12032.0
2020-07-06 10:01:00,1485.49,1488.24,1485.49,1487.95,10898.0
2020-07-06 10:00:00,1484.6399,1485.53,1484.1925,1485.22,10283.0
2020-07-06 09:59:00,1484.46,1485.2,1484.35,1484.44,6628.0
2020-07-06 09:58:00,1483.29,1484.0,1482.92,1484.0,5867.0
2020-07-06 09:57:00,1482.05,1483.76,1481.7,1483.76,7799.0
2020-07-06 09:56:00,1479.98,1482.03,1479.98,1481.99,6941.0
2020-07-06 09:55:00,1479.19,1479.75,1479.05,1479.75,1959.0
2020-07-06 09:54:00,1478.9497,1479.355,1476.976,1479.355,6309.0
2020-07-06 09:53:00,1479.75,1480.351,1478.84,1478.97,7088.0
2020-07-06 09:52:00,1481.225,1481.225,1479.27,1479.51,5472.0
2020-07-06 09:51:00,1482.15,1482.28,1480.5001,1480.7064,3446.0
2020-07-06 09:50:00,1483.72,1484.89,1482.14,1482.18,7793.0
2020-07-06 09:49:00,1483.11,1483.4,1481.75,1483.4,5741.0
2020-07-06 09:48:00,1480.42,1483.06,1478.75,1482.5,10452.0
2020-07-06 09:47:00,1481.175,1481.49,1480.03,1480.03,11749.0
2020-07-06 09:46:00,1480.78,1482.1225,1480.62,1482.12,5807.0
2020-07-06 09:45:00,1481.7825,1481.7825,1479.19,1480.52,10009.0
2020-07-06 09:44:00,1482.29,1482.3455,1481.34,1481.82,5868.0
2020-07-06 09:43:00,1482.98,1483.48,1482.91,1483.32,4090.0
2020-07-06 09:42:00,1484.1723,1484.1723,1482.79,1483.1943,2681.0
2020-07-06 09:41:00,1483.77,1484.34,1482.987,1483.73,5232.0
2020-07-06 09:40:00,1484.809,1484.886,1483.38,1484.0,9014.0
2020-07-06 09:39:00,1486.64,1487.28,1484.4,1484.59,9498.0
2020-07-06 09:38:00,1485.525,1485.88,1484.56,1485.63,4860.0
2020-07-06 09:37:00,1483.61,1485.74,1483.58,1485.74,6150.0
2020-07-06 09:36:00,1486.29,1486.32,1481.45,1483.695,17418.0
2020-07-06 09:35:00,1489.16,1489.83,1486.32,1486.33,7499.0
2020-07-06 09:34:00,1487.86,1489.11,1486.9,1488.97,22257.0
2020-07-06 09:33:00,1487.41,1488.31,1486.78,1487.65,6658.0
2020-07-06 09:32:00,1489.17,1489.17,1486.58,1487.39,10100.0
2020-07-06 09:31:00,1488.15,1489.28,1486.56,1487.72,53324.0
2020-07-06 09:29:00,1489.0,1489.0,1488.01,1488.01,5085.0
2020-07-06 09:14:00,1489.88,1489.88,1489.88,1489.88,249.0
2020-07-06 09:13:00,1489.88,1489.88,1489.88,1489.88,354.0
2020-07-06 09:10:00,1489.88,1489.88,1489.88,1489.88,604.0
2020-07-06 09:03:00,1490.0,1490.0,1490.0,1490.0,164.0
2020-07-06 08:41:00,1490.11,1490.11,1490.11,1490.11,698.0
2020-07-06 08:24:00,1490.05,1490.05,1490.0,1490.0,235.0
2020-07-06 08:04:00,1489.0,1489.0,1489.0,1489.0,214.0
2020-07-06 08:02:00,1490.0,1490.0,1490.0,1490.0,277.0
2020-07-06 08:01:00,1485.1,1485.1,1485.1,1485.1,626.0
2020-07-06 07:43:00,1489.9,1489.9,1489.9,1489.9,306.0
2020-07-06 07:01:00,1489.0,1489.0,1489.0,1489.0,1062.0
2020-07-06 06:39:00,1486.11,1486.11,1486.11,1486.11,200.0
2020-07-02 19:40:00,1473.0,1473.0,1473.0,1473.0,238.0
2020-07-02 19:18:00,1471.35,1471.35,1471.35,1471.35,100.0
2020-07-02 18:13:00,1472.94,1472.94,1472.94,1472.94,100.0
2020-07-02 17:52:00,1471.03,1471.03,1471.03,1471.03,140.0
2020-07-02 16:55:00,1471.7,1471.7,1471.03,1471.03,556.0
2020-07-02 16:47:00,1471.8,1471.8,1471.8,1471.8,599.0
2020-07-02 16:30:00,1469.93,1469.93,1469.93,1469.93,365.0
2020-07-02 16:15:00,1469.93,1469.93,1469.93,1469.93,2607.0
2020-07-02 16:14:00,1470.2,1470.5,1470.2,1470.5,446.0
2020-07-02 16:13:00,1470.4,1470.4,1470.4,1470.4,284.0
2020-07-02 16:08:00,1469.93,1471.83,1469.93,1471.83,927.0
2020-07-02 16:07:00,1471.0,1471.0,1471.0,1471.0,299.0
2020-07-02 16:04:00,1470.75,1470.75,1470.0,1470.0,553.0
2020-07-02 16:01:00,1469.93,1473.81,1469.93,1469.93,78306.0
2020-07-02 16:00:00,1471.825,1473.74,1469.21,1469.8,57096.0
2020-07-02 15:59:00,1471.64,1472.57,1471.52,1471.88,20428.0
2020-07-02 15:58:00,1471.34,1471.99,1470.29,1471.38,25467.0
2020-07-02 15:57:00,1469.95,1471.53,1469.92,1471.06,19976.0
2020-07-02 15:56:00,1470.14,1470.77,1468.55,1470.23,31991.0
2020-07-02 15:55:00,1472.78,1472.78,1470.08,1470.08,17607.0
2020-07-02 15:54:00,1473.42,1473.44,1471.95,1472.86,13567.0
2020-07-02 15:53:00,1472.5675,1474.1,1472.24,1473.91,14902.0
2020-07-02 15:52:00,1473.2,1473.35,1471.3,1472.475,17143.0
2020-07-02 15:51:00,1474.0,1474.57,1471.97,1473.71,31188.0
2020-07-02 15:50:00,1474.29,1474.45,1473.12,1473.265,11202.0
2020-07-02 15:49:00,1473.75,1474.28,1473.73,1474.28,5618.0
2020-07-02 15:48:00,1474.96,1475.32,1473.94,1473.94,4679.0
2020-07-02 15:47:00,1473.77,1475.09,1473.6541,1474.82,8276.0
2020-07-02 15:46:00,1473.68,1473.78,1473.23,1473.54,5558.0
2020-07-02 15:45:00,1473.25,1474.34,1473.24,1474.135,7580.0
2020-07-02 15:44:00,1473.57,1473.66,1473.23,1473.41,6254.0
2020-07-02 15:43:00,1474.21,1474.61,1473.39,1473.94,4907.0
2020-07-02 15:42:00,1475.12,1475.12,1472.78,1473.9666,12556.0
2020-07-02 15:41:00,1475.47,1475.685,1474.64,1474.83,5102.0
2020-07-02 15:40:00,1475.8,1475.96,1475.25,1475.66,3861.0
2020-07-02 15:39:00,1474.8,1476.3,1474.8,1475.7637,7091.0
2020-07-02 15:38:00,1475.615,1475.615,1474.68,1474.68,3670.0
2020-07-02 15:37:00,1474.98,1475.79,1474.42,1475.33,7020.0
2020-07-02 15:36:00,1475.89,1475.89,1474.935,1475.12,11308.0
2020-07-02 15:35:00,1477.0,1477.0,1475.735,1475.735,5404.0
2020-07-02 15:34:00,1477.15,1477.47,1476.44,1476.66,5684.0
2020-07-02 15:33:00,1477.79,1478.54,1476.63,1476.8,5637.0
2020-07-02 15:32:00,1477.01,1477.58,1477.01,1477.4,3156.0
2020-07-02 15:31:00,1476.9,1477.26,1476.615,1476.74,2814.0
2020-07-02 15:30:00,1476.62,1477.16,1476.62,1477.16,1692.0
2020-07-02 15:29:00,1478.39,1478.39,1477.4,1477.78,2624.0
2020-07-02 15:28:00,1478.73,1479.12,1478.48,1478.48,2830.0
2020-07-02 15:27:00,1478.98,1478.98,1478.81,1478.95,2370.0
2020-07-02 15:26:00,1479.31,1479.35,1478.85,1479.0,3568.0
2020-07-02 15:25:00,1478.8262,1479.71,1478.66,1479.31,4410.0
2020-07-02 15:24:00,1478.59,1478.95,1478.59,1478.665,2043.0
2020-07-02 15:23:00,1477.59,1479.05,1477.59,1478.77,5840.0
2020-07-02 15:22:00,1477.81,1477.98,1477.54,1477.55,2133.0
2020-07-02 15:21:00,1477.6599,1478.0,1477.37,1477.5601,3749.0
2020-07-02 15:20:00,1476.69,1477.58,1476.65,1477.58,3432.0
2020-07-02 15:19:00,1476.37,1477.035,1476.1,1476.86,7419.0
2020-07-02 15:18:00,1476.64,1476.77,1475.98,1476.0,3664.0
2020-07-02 15:17:00,1476.93,1477.27,1476.65,1476.83,8601.0
2020-07-02 15:16:00,1475.66,1476.61,1475.66,1476.61,5549.0
2020-07-02 15:15:00,1475.33,1475.61,1474.82,1475.61,4585.0
2020-07-02 15:14:00,1476.015,1476.08,1474.9,1474.9,7804.0
2020-07-02 15:13:00,1475.95,1476.03,1474.9594,1475.71,12460.0
2020-07-02 15:12:00,1477.324,1477.9,1476.09,1476.09,7073.0
2020-07-02 15:11:00,1478.8,1478.92,1477.2,1477.48,7227.0
2020-07-02 15:10:00,1479.27,1479.42,1479.09,1479.12,3456.0
2020-07-02 15:09:00,1479.38,1479.39,1479.0,1479.21,3126.0
2020-07-02 15:08:00,1479.21,1479.45,1479.15,1479.2,2302.0
2020-07-02 15:07:00,1479.52,1479.52,1478.94,1479.35,1797.0
2020-07-02 15:06:00,1479.94,1480.0,1478.775,1479.79,7576.0
2020-07-02 15:05:00,1480.93,1480.93,1479.71,1479.71,4543.0
2020-07-02 15:04:00,1481.68,1481.9423,1481.44,1481.92,2102.0
2020-07-02 15:03:00,1481.8,1481.86,1480.82,1481.74,3703.0
2020-07-02 15:02:00,1483.24,1483.29,1481.84,1481.84,3477.0
2020-07-02 15:01:00,1483.45,1483.88,1483.2129,1483.88,2135.0
2020-07-02 15:00:00,1483.18,1483.67,1482.9,1483.32,2755.0
2020-07-02 14:59:00,1483.2543,1483.31,1482.91,1482.91,1442.0
2020-07-02 14:58:00,1482.66,1483.16,1482.66,1483.05,1716.0
2020-07-02 14:57:00,1482.41,1482.56,1482.41,1482.56,1255.0
2020-07-02 14:56:00,1482.33,1483.11,1482.33,1482.52,3795.0
2020-07-02 14:55:00,1483.82,1484.44,1481.9,1481.9,8081.0
2020-07-02 14:54:00,1484.85,1485.2,1483.5,1483.87,4139.0
2020-07-02 14:53:00,1484.96,1485.49,1484.0,1485.0,8722.0
2020-07-02 14:52:00,1484.68,1485.65,1484.65,1484.955,6798.0
2020-07-02 14:51:00,1485.7,1486.1,1484.58,1484.86,7169.0
2020-07-02 14:50:00,1485.14,1486.25,1485.12,1486.23,6181.0
2020-07-02 14:49:00,1485.295,1485.64,1485.09,1485.5,3131.0
2020-07-02 14:48:00,1485.19,1485.52,1484.925,1485.28,5640.0
2020-07-02 14:47:00,1485.2271,1485.52,1485.11,1485.36,5270.0
2020-07-02 14:46:00,1484.96,1485.2923,1484.39,1485.1593,3954.0
2020-07-02 14:45:00,1484.55,1485.08,1483.89,1484.71,3517.0
2020-07-02 14:44:00,1483.905,1484.69,1483.8,1484.62,5402.0
2020-07-02 14:43:00,1484.35,1484.91,1483.83,1484.18,7283.0
2020-07-02 14:42:00,1485.0899,1485.0899,1484.51,1484.5921,2151.0
2020-07-02 14:41:00,1484.245,1485.18,1483.95,1485.03,5569.0
2020-07-02 14:40:00,1483.395,1484.66,1483.19,1484.29,6803.0
2020-07-02 14:39:00,1483.12,1483.74,1482.8701,1483.29,3954.0
2020-07-02 14:38:00,1482.98,1483.37,1482.85,1483.27,3035.0
2020-07-02 14:37:00,1483.29,1483.46,1483.05,1483.46,1153.0
2020-07-02 14:36:00,1483.96,1484.18,1483.37,1483.37,1373.0
2020-07-02 14:35:00,1484.2,1484.2,1483.59,1483.59,1177.0
2020-07-02 14:34:00,1484.59,1484.59,1483.7901,1483.7901,3252.0
2020-07-02 14:33:00,1484.13,1484.27,1484.13,1484.27,1616.0
2020-07-02 14:32:00,1484.37,1484.75,1484.05,1484.17,2616.0
2020-07-02 14:31:00,1484.53,1484.53,1483.6636,1483.965,3388.0
2020-07-02 14:30:00,1484.54,1484.54,1484.07,1484.07,945.0
2020-07-02 14:29:00,1484.4799,1484.4799,1483.76,1484.07,1870.0
2020-07-02 14:28:00,1483.69,1484.41,1483.47,1484.15,3539.0
2020-07-02 14:27:00,1485.49,1485.7499,1484.04,1484.06,3817.0
2020-07-02 14:26:00,1484.87,1485.72,1484.31,1485.49,9671.0
2020-07-02 14:25:00,1483.535,1484.86,1483.4,1484.86,7258.0
2020-07-02 14:24:00,1482.53,1483.99,1482.45,1483.58,5632.0
2020-07-02 14:23:00,1481.4999,1482.8,1481.25,1482.75,4591.0
2020-07-02 14:22:00,1480.79,1481.25,1480.79,1481.05,3049.0
2020-07-02 14:21:00,1480.91,1481.055,1480.38,1480.73,4370.0
2020-07-02 14:20:00,1480.19,1481.01,1480.19,1480.82,4026.0
2020-07-02 14:19:00,1480.05,1480.05,1479.76,1479.76,1078.0
2020-07-02 14:18:00,1479.37,1480.19,1479.37,1480.03,3321.0
2020-07-02 14:17:00,1479.55,1479.55,1479.03,1479.03,1219.0
2020-07-02 14:16:00,1479.72,1480.24,1479.66,1479.94,4871.0
2020-07-02 14:15:00,1479.28,1479.58,1479.06,1479.185,2050.0
2020-07-02 14:14:00,1479.9,1479.93,1479.29,1479.615,3528.0
2020-07-02 14:13:00,1480.5,1480.5,1480.165,1480.165,1038.0
2020-07-02 14:12:00,1480.76,1480.99,1480.3,1480.3,1624.0
2020-07-02 14:11:00,1481.4,1481.4,1480.4186,1480.4186,1752.0
2020-07-02 14:10:00,1481.51,1481.63,1481.0,1481.34,3382.0
2020-07-02 14:09:00,1481.71,1482.0,1481.5166,1481.7473,2567.0
2020-07-02 14:08:00,1480.68,1481.31,1480.22,1481.31,2564.0
2020-07-02 14:07:00,1480.27,1481.91,1480.27,1481.07,7229.0
2020-07-02 14:06:00,1479.97,1480.21,1479.3,1480.1,8652.0
2020-07-02 14:05:00,1479.81,1480.28,1479.81,1480.26,3414.0
2020-07-02 14:04:00,1480.6801,1481.35,1478.95,1480.0,10161.0
2020-07-02 14:03:00,1481.36,1481.64,1480.91,1480.91,2776.0
2020-07-02 14:02:00,1483.74,1484.21,1482.7,1482.7,3285.0
2020-07-02 14:01:00,1483.0,1483.48,1482.74,1483.48,3076.0
2020-07-02 14:00:00,1482.895,1483.0,1482.7,1482.7,3050.0
2020-07-02 13:59:00,1482.63,1483.19,1482.29,1482.53,4750.0
2020-07-02 13:58:00,1485.28,1485.7599,1483.3,1483.42,5456.0
2020-07-02 13:57:00,1485.5996,1486.08,1485.25,1485.25,5216.0
2020-07-02 13:56:00,1485.02,1485.9393,1485.01,1485.8953,3532.0
2020-07-02 13:55:00,1485.155,1485.63,1484.8,1485.35,3055.0
2020-07-02 13:54:00,1485.4389,1485.69,1484.74,1485.25,6339.0
2020-07-02 13:53:00,1485.01,1485.81,1485.01,1485.54,4402.0
2020-07-02 13:52:00,1485.765,1485.765,1484.92,1484.92,2033.0
2020-07-02 13:51:00,1485.49,1485.73,1485.01,1485.42,6318.0
2020-07-02 13:50:00,1485.76,1485.85,1485.48,1485.48,2702.0
2020-07-02 13:49:00,1485.3,1485.95,1485.3,1485.9,3340.0
2020-07-02 13:48:00,1484.835,1486.04,1484.66,1485.74,3793.0
2020-07-02 13:47:00,1484.82,1484.98,1483.6,1484.95,6342.0
2020-07-02 13:46:00,1485.6,1485.78,1484.47,1485.0,6324.0
2020-07-02 13:45:00,1486.13,1486.13,1485.0,1485.61,3522.0
2020-07-02 13:44:00,1485.9836,1485.9836,1485.1,1485.64,12486.0
2020-07-02 13:43:00,1487.46,1487.46,1485.59,1485.59,6323.0
2020-07-02 13:42:00,1488.09,1488.45,1487.37,1487.97,6077.0
2020-07-02 13:41:00,1488.04,1488.52,1487.9,1488.16,8787.0
2020-07-02 13:40:00,1487.49,1487.87,1486.61,1486.98,8764.0
2020-07-02 13:39:00,1487.15,1487.63,1487.13,1487.295,2018.0
2020-07-02 13:38:00,1487.96,1488.31,1487.02,1487.02,11298.0
2020-07-02 13:37:00,1487.4,1487.99,1486.62,1487.99,8714.0
2020-07-02 13:36:00,1486.5713,1487.89,1486.5,1487.61,10032.0
2020-07-02 13:35:00,1486.17,1486.77,1485.85,1486.69,5781.0
2020-07-02 13:34:00,1486.59,1486.76,1485.39,1486.21,12427.0
2020-07-02 13:33:00,1485.765,1487.095,1485.64,1486.48,11440.0
2020-07-02 13:32:00,1484.68,1485.95,1484.53,1485.67,9460.0
2020-07-02 13:31:00,1484.18,1484.84,1483.71,1484.29,12359.0
2020-07-02 13:30:00,1483.92,1484.5499,1483.46,1484.5499,4617.0
2020-07-02 13:29:00,1484.51,1484.78,1483.81,1483.89,5041.0
2020-07-02 13:28:00,1484.15,1484.7,1483.77,1484.46,6771.0
2020-07-02 13:27:00,1483.36,1484.7,1483.32,1484.415,10360.0
2020-07-02 13:26:00,1483.48,1483.82,1483.0,1483.515,8196.0
2020-07-02 13:25:00,1482.75,1483.76,1482.72,1483.695,6530.0
2020-07-02 13:24:00,1482.61,1483.0,1482.27,1482.875,3945.0
2020-07-02 13:23:00,1483.0,1483.47,1482.5301,1482.95,9007.0
2020-07-02 13:22:00,1481.51,1482.63,1481.51,1482.3528,5995.0
2020-07-02 13:21:00,1480.57,1481.95,1480.57,1481.82,5019.0
2020-07-02 13:20:00,1481.08,1481.7199,1479.5301,1480.63,9149.0
2020-07-02 13:19:00,1480.54,1482.03,1480.23,1481.45,6376.0
2020-07-02 13:18:00,1481.77,1481.77,1480.0,1480.45,3362.0
2020-07-02 13:17:00,1480.83,1482.22,1480.55,1481.75,7941.0
2020-07-02 13:16:00,1479.16,1480.6,1479.16,1480.2,1954.0
2020-07-02 13:15:00,1480.2,1480.73,1478.85,1479.19,9825.0
2020-07-02 13:14:00,1480.39,1481.43,1480.37,1480.52,11683.0
2020-07-02 13:13:00,1479.655,1480.8399,1478.845,1479.75,15881.0
2020-07-02 13:12:00,1478.86,1479.575,1478.48,1479.575,3928.0
2020-07-02 13:11:00,1479.38,1479.59,1478.01,1478.57,9463.0
2020-07-02 13:10:00,1478.75,1479.32,1478.75,1479.07,2260.0
2020-07-02 13:09:00,1479.5,1480.0,1479.0,1479.17,11834.0
2020-07-02 13:08:00,1478.83,1479.97,1478.705,1479.7,5492.0
2020-07-02 13:07:00,1478.87,1478.95,1478.71,1478.71,1843.0
2020-07-02 13:06:00,1478.15,1479.17,1477.44,1478.54,6120.0
2020-07-02 13:05:00,1478.555,1479.47,1477.6,1478.16,14562.0
2020-07-02 13:04:00,1478.2,1479.0,1478.12,1478.26,5905.0
2020-07-02 13:03:00,1478.21,1478.72,1477.92,1478.39,6537.0
2020-07-02 13:02:00,1476.52,1478.07,1476.52,1478.07,6183.0
2020-07-02 13:01:00,1477.66,1477.66,1476.53,1476.53,3310.0
2020-07-02 13:00:00,1477.0,1478.0,1476.47,1477.6,7853.0
2020-07-02 12:59:00,1476.26,1478.0,1476.26,1476.725,6174.0
2020-07-02 12:58:00,1475.76,1476.1899,1475.76,1476.1899,1204.0
2020-07-02 12:57:00,1475.31,1475.96,1475.31,1475.89,2784.0
2020-07-02 12:56:00,1474.48,1475.2,1474.48,1475.2,3830.0
2020-07-02 12:55:00,1476.58,1476.59,1474.8,1475.01,3459.0
2020-07-02 12:54:00,1476.03,1476.67,1475.85,1476.67,4202.0
2020-07-02 12:53:00,1476.32,1476.32,1474.99,1475.97,4539.0
2020-07-02 12:52:00,1477.625,1478.0,1476.4301,1476.4301,6053.0
2020-07-02 12:51:00,1477.63,1477.63,1477.2,1477.445,5048.0
2020-07-02 12:50:00,1477.67,1477.9,1477.09,1477.62,6308.0
2020-07-02 12:49:00,1477.55,1477.735,1477.07,1477.45,4859.0
2020-07-02 12:48:00,1477.06,1477.72,1476.68,1477.69,7166.0
2020-07-02 12:47:00,1476.83,1477.63,1476.51,1477.09,10497.0
2020-07-02 12:46:00,1476.68,1476.75,1476.36,1476.59,4200.0
2020-07-02 12:45:00,1476.25,1476.53,1476.09,1476.53,6086.0
2020-07-02 12:44:00,1475.0,1476.245,1475.0,1476.245,3701.0
2020-07-02 12:43:00,1474.765,1475.655,1474.65,1475.16,3595.0
2020-07-02 12:42:00,1475.33,1475.33,1474.48,1474.875,3581.0
2020-07-02 12:41:00,1475.47,1475.56,1475.0,1475.29,3391.0
2020-07-02 12:40:00,1475.87,1476.25,1475.58,1475.8643,7077.0
2020-07-02 12:39:00,1474.2375,1476.11,1474.2375,1475.74,5081.0
2020-07-02 12:38:00,1473.93,1474.3,1473.79,1474.28,4432.0
2020-07-02 12:37:00,1475.29,1475.29,1473.83,1473.83,5086.0
2020-07-02 12:36:00,1475.58,1475.69,1475.27,1475.39,5490.0
2020-07-02 12:35:00,1475.18,1475.69,1475.18,1475.69,3635.0
2020-07-02 12:34:00,1475.52,1475.87,1475.1,1475.27,5966.0
2020-07-02 12:33:00,1475.405,1475.55,1475.23,1475.42,3439.0
2020-07-02 12:32:00,1476.9675,1477.105,1475.01,1475.36,9598.0
2020-07-02 12:31:00,1476.3,1477.03,1475.76,1476.965,10267.0
2020-07-02 12:30:00,1475.6,1476.23,1475.4,1476.15,7738.0
2020-07-02 12:29:00,1475.12,1475.605,1474.75,1475.59,11091.0
2020-07-02 12:28:00,1474.375,1475.4,1474.375,1475.05,11610.0
2020-07-02 12:27:00,1474.02,1474.78,1473.83,1474.41,13267.0
2020-07-02 12:26:00,1473.61,1474.15,1473.55,1473.78,7608.0
2020-07-02 12:25:00,1474.18,1474.68,1473.12,1473.5056,11528.0
2020-07-02 12:24:00,1474.25,1474.68,1474.085,1474.285,7695.0
2020-07-02 12:23:00,1473.87,1474.64,1473.71,1474.235,13790.0
2020-07-02 12:22:00,1474.065,1474.41,1473.47,1474.025,8239.0
2020-07-02 12:21:00,1472.53,1474.175,1472.53,1474.175,14157.0
2020-07-02 12:20:00,1470.81,1472.885,1470.38,1472.325,11411.0
2020-07-02 12:19:00,1468.83,1471.185,1468.83,1470.88,13600.0
2020-07-02 12:18:00,1468.59,1468.86,1468.09,1468.335,9545.0
2020-07-02 12:17:00,1468.77,1468.86,1468.0,1468.37,7922.0
2020-07-02 12:16:00,1469.21,1470.21,1468.54,1468.93,19268.0
2020-07-02 12:15:00,1468.885,1469.38,1468.88,1469.27,10161.0
2020-07-02 12:14:00,1468.17,1469.03,1468.065,1469.03,7730.0
2020-07-02 12:13:00,1466.52,1468.29,1466.52,1467.86,7404.0
2020-07-02 12:12:00,1467.17,1467.2,1466.57,1466.99,7852.0
2020-07-02 12:11:00,1467.025,1467.23,1466.95,1467.085,2682.0
2020-07-02 12:10:00,1466.51,1467.43,1466.51,1467.27,5919.0
2020-07-02 12:09:00,1466.17,1466.67,1466.13,1466.42,3542.0
2020-07-02 12:08:00,1465.42,1466.0,1465.11,1466.0,3650.0
2020-07-02 12:07:00,1464.865,1465.42,1464.49,1465.42,4049.0
2020-07-02 12:06:00,1464.3734,1465.004,1464.19,1464.795,2508.0
2020-07-02 12:05:00,1464.0,1464.67,1463.81,1464.67,4174.0
2020-07-02 12:04:00,1464.07,1464.525,1463.71,1464.07,4418.0
2020-07-02 12:03:00,1465.31,1465.82,1464.15,1464.48,4582.0
2020-07-02 12:02:00,1464.35,1465.27,1464.35,1465.27,3795.0
2020-07-02 12:01:00,1466.16,1466.25,1463.72,1464.3,5209.0
2020-07-02 12:00:00,1465.8455,1466.32,1465.65,1466.14,8332.0
2020-07-02 11:59:00,1465.84,1466.37,1465.59,1465.74,11021.0
2020-07-02 11:58:00,1464.48,1466.22,1464.48,1465.95,16987.0
2020-07-02 11:57:00,1464.94,1464.94,1464.48,1464.715,3230.0
2020-07-02 11:56:00,1464.73,1465.0,1463.705,1464.7243,10568.0
2020-07-02 11:55:00,1464.54,1464.54,1463.6463,1464.49,5401.0
2020-07-02 11:54:00,1463.97,1464.42,1463.3,1464.195,4476.0
2020-07-02 11:53:00,1463.67,1464.2744,1463.67,1464.12,5341.0
2020-07-02 11:52:00,1463.71,1464.0092,1463.38,1463.57,4093.0
2020-07-02 11:51:00,1464.09,1464.42,1463.74,1463.88,3378.0
2020-07-02 11:50:00,1464.07,1464.07,1463.57,1464.0,4212.0
2020-07-02 11:49:00,1464.12,1464.45,1464.03,1464.13,2463.0
2020-07-02 11:48:00,1464.345,1464.6,1464.2,1464.2,1229.0
2020-07-02 11:47:00,1464.2,1464.52,1463.74,1464.13,3288.0
2020-07-02 11:46:00,1463.95,1464.4089,1463.74,1464.4089,4217.0
2020-07-02 11:45:00,1463.26,1464.205,1463.25,1464.205,7102.0
2020-07-02 11:44:00,1462.41,1463.67,1462.33,1463.66,7374.0
2020-07-02 11:43:00,1462.235,1462.9,1462.235,1462.9,2781.0
2020-07-02 11:42:00,1462.92,1462.95,1462.27,1462.27,3679.0
2020-07-02 11:41:00,1462.45,1463.0,1462.45,1462.775,3760.0
2020-07-02 11:40:00,1461.82,1462.5,1461.79,1462.5,2010.0
2020-07-02 11:39:00,1462.124,1462.5,1461.95,1461.95,3040.0
2020-07-02 11:38:00,1462.32,1462.37,1461.88,1461.88,2861.0
2020-07-02 11:37:00,1461.945,1462.2,1461.69,1461.905,2829.0
2020-07-02 11:36:00,1461.79,1462.22,1461.29,1462.12,4735.0
2020-07-02 11:35:00,1461.44,1461.78,1461.05,1461.35,2465.0
2020-07-02 11:34:00,1460.53,1461.59,1460.53,1461.59,2386.0
2020-07-02 11:33:00,1460.5,1460.85,1459.9788,1460.85,2766.0
2020-07-02 11:32:00,1459.29,1460.27,1458.79,1460.19,2771.0
2020-07-02 11:31:00,1458.98,1459.23,1458.98,1459.23,1105.0
2020-07-02 11:30:00,1458.98,1459.01,1457.9201,1459.01,5763.0
2020-07-02 11:29:00,1459.47,1460.21,1458.93,1459.04,4279.0
2020-07-02 11:28:00,1459.39,1460.01,1459.1,1459.31,2862.0
2020-07-02 11:27:00,1460.8,1460.84,1459.33,1459.34,4225.0
2020-07-02 11:26:00,1461.9,1461.9,1460.2,1460.51,5203.0
2020-07-02 11:25:00,1461.41,1462.62,1461.22,1461.79,7927.0
2020-07-02 11:24:00,1461.47,1461.98,1461.47,1461.63,2644.0
2020-07-02 11:23:00,1461.94,1462.0,1461.47,1461.47,3286.0
2020-07-02 11:22:00,1462.47,1462.62,1461.18,1461.32,3297.0
2020-07-02 11:21:00,1462.35,1463.0,1461.82,1462.53,24882.0
2020-07-02 11:20:00,1460.4,1462.385,1460.4,1462.33,18504.0
2020-07-02 11:19:00,1459.66,1460.76,1459.47,1460.76,7693.0
2020-07-02 11:18:00,1459.39,1460.28,1459.39,1459.54,5905.0
2020-07-02 11:17:00,1457.9,1458.94,1457.81,1458.94,3048.0
2020-07-02 11:16:00,1458.37,1458.37,1457.4,1457.69,4444.0
2020-07-02 11:15:00,1459.94,1460.05,1458.55,1458.55,3265.0
2020-07-02 11:14:00,1459.69,1459.69,1458.665,1459.13,3969.0
2020-07-02 11:13:00,1457.77,1460.0,1457.75,1460.0,4263.0
2020-07-02 11:12:00,1458.76,1460.03,1457.93,1458.41,6572.0
2020-07-02 11:11:00,1457.89,1458.72,1457.59,1458.495,6118.0
2020-07-02 11:10:00,1456.9,1458.0,1456.79,1457.83,4536.0
2020-07-02 11:09:00,1456.98,1457.48,1456.7,1457.318,1760.0
2020-07-02 11:08:00,1456.44,1458.36,1456.43,1457.04,10739.0
2020-07-02 11:07:00,1455.39,1457.08,1455.39,1457.035,4047.0
2020-07-02 11:06:00,1454.27,1455.7,1454.27,1455.32,2545.0
2020-07-02 11:05:00,1453.9804,1454.3999,1453.91,1454.3999,5919.0
2020-07-02 11:04:00,1453.62,1453.66,1452.26,1453.23,10385.0
2020-07-02 11:03:00,1456.2,1456.22,1453.69,1453.88,6348.0
2020-07-02 11:02:00,1456.19,1456.92,1456.19,1456.79,3212.0
2020-07-02 11:01:00,1454.71,1456.07,1454.69,1456.07,5405.0
2020-07-02 11:00:00,1455.48,1455.53,1454.24,1454.69,7594.0
2020-07-02 10:59:00,1455.64,1455.89,1454.99,1454.99,4562.0
2020-07-02 10:58:00,1455.77,1455.77,1454.805,1454.98,13768.0
2020-07-02 10:57:00,1456.87,1456.87,1455.8,1455.82,4637.0
2020-07-02 10:56:00,1456.73,1456.9984,1456.195,1456.9984,1609.0
2020-07-02 10:55:00,1456.84,1456.84,1456.1,1456.16,1814.0
2020-07-02 10:54:00,1457.21,1457.21,1456.16,1457.18,2603.0
2020-07-02 10:53:00,1458.3,1458.3,1457.11,1457.11,4938.0
2020-07-02 10:52:00,1459.58,1459.75,1458.66,1458.69,5652.0
2020-07-02 10:51:00,1458.78,1459.94,1458.78,1459.43,2850.0
2020-07-02 10:50:00,1458.9,1459.12,1458.29,1458.6125,3364.0
2020-07-02 10:49:00,1459.47,1459.76,1458.7,1458.74,3194.0
2020-07-02 10:48:00,1459.88,1459.88,1458.6601,1459.34,5091.0
2020-07-02 10:47:00,1459.61,1460.19,1459.55,1460.19,5243.0
2020-07-02 10:46:00,1459.0,1459.74,1459.0,1459.74,3829.0
2020-07-02 10:45:00,1458.8854,1459.33,1458.8854,1458.99,1598.0
2020-07-02 10:44:00,1458.51,1459.03,1458.38,1458.877,1646.0
2020-07-02 10:43:00,1458.21,1458.6599,1457.895,1458.39,4959.0
2020-07-02 10:42:00,1457.585,1458.4341,1457.585,1458.4341,944.0
2020-07-02 10:41:00,1457.69,1457.94,1457.08,1457.18,2700.0
2020-07-02 10:40:00,1456.27,1457.33,1455.8105,1457.33,5108.0
2020-07-02 10:39:00,1456.09,1456.64,1455.59,1455.59,1413.0
2020-07-02 10:38:00,1455.65,1455.78,1453.85,1455.73,7393.0
2020-07-02 10:37:00,1455.45,1456.4,1454.8,1456.4,2414.0
2020-07-02 10:36:00,1454.08,1455.6874,1453.65,1455.6874,4285.0
2020-07-02 10:35:00,1456.43,1456.43,1454.1378,1454.1378,6623.0
2020-07-02 10:34:00,1457.65,1458.24,1456.705,1456.705,5439.0
2020-07-02 10:33:00,1456.305,1456.7,1455.91,1456.7,2630.0
2020-07-02 10:32:00,1455.95,1456.96,1455.57,1455.96,8274.0
2020-07-02 10:31:00,1453.98,1456.6417,1453.22,1456.2,9882.0
2020-07-02 10:30:00,1455.65,1456.51,1453.22,1453.59,9960.0
2020-07-02 10:29:00,1457.24,1457.24,1455.75,1456.07,9875.0
2020-07-02 10:28:00,1457.16,1457.86,1457.01,1457.2749,2939.0
2020-07-02 10:27:00,1458.45,1458.82,1456.85,1457.95,5329.0
2020-07-02 10:26:00,1459.51,1459.54,1458.55,1459.03,2571.0
2020-07-02 10:25:00,1458.89,1460.82,1458.89,1459.1183,5483.0
2020-07-02 10:24:00,1460.6,1460.82,1458.97,1459.19,3568.0
2020-07-02 10:23:00,1460.94,1461.09,1460.135,1460.19,5334.0
2020-07-02 10:22:00,1461.9484,1462.27,1461.48,1461.48,2298.0
2020-07-02 10:21:00,1461.7587,1462.0,1461.7,1461.7,2346.0
2020-07-02 10:20:00,1461.67,1461.67,1460.75,1461.31,3391.0
2020-07-02 10:19:00,1462.245,1462.73,1461.61,1461.61,4563.0
2020-07-02 10:18:00,1462.79,1463.16,1462.165,1462.2558,5941.0
2020-07-02 10:17:00,1461.39,1462.8,1461.39,1462.8,9538.0
2020-07-02 10:16:00,1460.96,1461.54,1460.96,1461.54,4949.0
2020-07-02 10:15:00,1460.72,1461.0,1460.43,1460.945,3884.0
2020-07-02 10:14:00,1459.84,1460.89,1459.84,1460.16,4142.0
2020-07-02 10:13:00,1461.335,1461.64,1460.19,1460.19,7340.0
2020-07-02 10:12:00,1461.24,1461.49,1459.96,1461.03,7418.0
2020-07-02 10:11:00,1460.195,1461.355,1460.05,1461.17,7160.0
2020-07-02 10:10:00,1460.73,1461.23,1459.81,1460.44,10347.0
2020-07-02 10:09:00,1460.0,1460.43,1459.53,1460.43,4337.0
2020-07-02 10:08:00,1462.0,1462.0,1459.7,1459.7,5801.0
2020-07-02 10:07:00,1461.66,1461.95,1461.63,1461.94,3787.0
2020-07-02 10:06:00,1461.82,1462.28,1461.5,1461.71,14441.0
2020-07-02 10:05:00,1461.8,1462.885,1461.5,1461.61,12616.0
2020-07-02 10:04:00,1461.28,1462.0,1461.23,1461.59,13487.0
2020-07-02 10:03:00,1460.04,1461.445,1460.04,1461.37,6932.0
2020-07-02 10:02:00,1460.81,1461.01,1460.17,1460.46,5154.0
2020-07-02 10:01:00,1461.2043,1461.235,1459.95,1460.8,13228.0
2020-07-02 10:00:00,1461.08,1461.31,1460.4,1461.01,14252.0
2020-07-02 09:59:00,1459.855,1461.21,1459.855,1460.805,8303.0
2020-07-02 09:58:00,1459.91,1460.21,1459.0101,1459.855,6079.0
2020-07-02 09:57:00,1459.02,1460.22,1459.02,1460.22,2490.0
2020-07-02 09:56:00,1459.6,1459.93,1458.84,1459.33,7279.0
2020-07-02 09:55:00,1459.79,1460.51,1459.29,1460.51,6580.0
2020-07-02 09:54:00,1460.38,1460.879,1459.81,1460.19,4186.0
2020-07-02 09:53:00,1459.615,1460.65,1459.615,1460.55,6394.0
2020-07-02 09:52:00,1459.32,1460.205,1459.19,1459.19,4058.0
2020-07-02 09:51:00,1459.49,1459.99,1459.41,1459.99,2933.0
2020-07-02 09:50:00,1460.305,1460.31,1459.4345,1460.295,3349.0
2020-07-02 09:49:00,1461.99,1462.09,1458.77,1460.3,11897.0
2020-07-02 09:48:00,1460.63,1461.6199,1460.63,1461.484,3671.0
2020-07-02 09:47:00,1459.68,1461.0,1459.62,1460.27,10713.0
2020-07-02 09:46:00,1459.39,1460.0,1459.0,1459.5,10102.0
2020-07-02 09:45:00,1458.225,1459.2,1458.225,1458.75,4833.0
2020-07-02 09:44:00,1457.49,1458.59,1456.86,1458.55,4623.0
2020-07-02 09:43:00,1456.19,1458.0,1456.13,1457.93,16604.0
2020-07-02 09:42:00,1454.41,1455.23,1454.115,1455.2,2580.0
2020-07-02 09:41:00,1453.82,1454.685,1452.44,1453.16,11710.0
2020-07-02 09:40:00,1451.97,1453.05,1451.885,1452.44,5856.0
2020-07-02 09:39:00,1453.8,1453.9,1451.76,1451.76,6155.0
2020-07-02 09:38:00,1454.28,1454.52,1453.76,1454.52,4438.0
2020-07-02 09:37:00,1453.17,1455.03,1453.145,1455.0,13473.0
2020-07-02 09:36:00,1453.58,1455.01,1452.12,1452.47,10992.0
2020-07-02 09:35:00,1458.2,1458.45,1454.315,1454.315,13266.0
2020-07-02 09:34:00,1456.53,1458.14,1456.41,1458.14,21921.0
2020-07-02 09:33:00,1455.94,1457.62,1455.185,1456.065,7754.0
2020-07-02 09:32:00,1452.685,1455.29,1452.45,1455.29,8092.0
2020-07-02 09:31:00,1451.84,1453.58,1451.065,1452.6401,46798.0
2020-07-02 09:30:00,1451.84,1451.84,1451.84,1451.84,824.0
2020-07-02 09:29:00,1452.1,1452.1,1452.0,1452.0,1898.0
2020-07-02 09:26:00,1454.0,1454.3,1454.0,1454.3,1140.0
2020-07-02 09:24:00,1453.3,1453.3,1453.0,1453.3,1349.0
2020-07-02 09:23:00,1453.03,1453.03,1453.0,1453.0,297.0
2020-07-02 09:01:00,1453.0,1453.0,1453.0,1453.0,363.0
2020-07-02 09:00:00,1453.0,1453.0,1453.0,1453.0,443.0
2020-07-02 08:55:00,1452.69,1452.88,1452.69,1452.88,563.0
2020-07-02 08:53:00,1452.0,1452.0,1452.0,1452.0,182.0
2020-07-02 08:44:00,1451.0,1451.0,1451.0,1451.0,865.0
2020-07-02 08:43:00,1450.05,1451.81,1450.05,1451.53,1226.0
2020-07-02 08:37:00,1449.0,1449.0,1449.0,1449.0,718.0
2020-07-02 08:34:00,1451.5,1451.5,1451.5,1451.5,188.0
2020-07-02 08:33:00,1451.03,1452.03,1451.03,1452.03,651.0
2020-07-02 08:31:00,1451.0,1451.11,1449.41,1450.87,2669.0
2020-07-02 08:29:00,1449.69,1450.0,1449.69,1450.0,277.0
2020-07-02 08:05:00,1448.6,1448.6,1448.6,1448.6,1106.0
2020-07-02 08:03:00,1450.0,1450.0,1450.0,1450.0,213.0
2020-07-02 08:01:00,1450.0,1450.0,1450.0,1450.0,464.0
2020-07-02 08:00:00,1451.0,1451.0,1451.0,1451.0,1313.0
2020-07-02 07:59:00,1449.0,1451.12,1449.0,1451.12,1573.0
2020-07-02 07:54:00,1450.0,1450.0,1449.0,1449.0,1018.0
2020-07-02 07:22:00,1449.0,1449.0,1449.0,1449.0,746.0
2020-07-02 07:01:00,1450.0,1450.0,1450.0,1450.0,405.0
